"Ketika kedua kalinya sang ibu menghampirinya, Sang Putri justru membentak ibunya.",marah
Pangeran Empang Kuala murka mendengar pinangannya ditolak.,marah
Bujang Kelana akan menantang Pendekar Katung untuk menyabung ayam.,marah
Pendekar Katung yang tidak terima dengan kekalahannya memerintahkan pengawalnya untuk mengejar Bujang Kelana.,marah
Ibunya sangat marah. ‘’ Dasar bodoh! Baju kesayanganku itu harganya sangat mahal.,marah
"Akhirnya karena merasa kesal, setelah lima hari nenek menyuruh Bawang Merah pulang tanpa memberi hadiah labu.",marah
"Ketika saudara tiri Cinderella melihat pita dan manik-manik lama mereka pada gaun Cinderella, mereka menjadi marah.",marah
Mereka iri dengan kecantikan wajah Kleting Kuning,marah
Dia sangat iri dengan permaisuri.,marah
Mendengar hasutan dari Selir nya Raden Putra sangat murka.,marah
Anjing gunung itu memperhatikan tingkah laku domba kecil itu dengan sangat marah,marah
"salah satu tupai itu marah dia berbicara kepada tupai yang ada didepannya “Hei apa yang kau lakukan disini, ini adalah sarang ku?”",marah
ketika kucing itu bangun kucing itu sangat kesal telah dibangunkan dari tidurnya dia menggeram dan mencoba mengusir ayam,marah
Rubah itu gusar karena mangsanya telah mematuk dirinya dan pergi,marah
Rubah itu melihatnya dengan sangat gusar karena banyangannya terlihat menggigit daging yang lebih besar dari dirinya hingga dia ingin sekali merebut daging itu.,marah
Oleh karena itu dia sangat iri dengan keberuntungan adiknya.,marah
Dari perasaan iri itulah kemudian lama kelamaan berkembang menjadi perasaan benci.,marah
Galuh Ajeng lantas bersiasat jahat,marah
Akibat fitnah itu Prabu Kertamarta murka kepada Candra Kirana hingga mengusir anak bungsunya itu.,marah
Amat besar murka Prabu Kertamarta ketika mengetahui cerita yang sebenarnya.,marah
Mendengar jawaban sang Ratu. Ia sangat marah dan kesal.,marah
"Lama-lama, ibu katak kesal dan marah.",marah
"la mengangkat kepalanya dan berteriak, ""Cowards (pengecut).",marah
"Seorang anak bernama Juan bertengkar dengan adiknya, Raul. Mereka memperebutkan kue pemberian nenek.",marah
Juan menindih adiknya dan memukulinya.,marah
"""Tapi, dia merebut kueku,"" kata Juan membantah.",marah
Maka seluruh rakyatnya akan mati ketakutan.,marah
"arena, mereka sudah mendengar Raja Gajah sangat besar, memiliki taring dan belalai yang sangat besar. Mendengar cerita tersebut rakyat sangat ketakutan.",marah
"Dewa Indra pun marah. ""Kau harus melepaskan dulu rohmu dari badanmu sebelum pergi ke surga,"" kata Dewa Indra.",marah
Dewa Indra lalu menangkap dan melemparkan Raja Trishanku kembali ke bumi.,marah
"Lebah jantan marah dan pergi. Tapi, ia tidak berani melawan Iebah pekerja dan hakim.",marah
Bangsa singa dan bangsa burung hendak mengeroyok bangsa kelelawar.,marah
Tuan pemilik Androcles marah besar. Ia menghukum Androcles dengan memasukkannya ke arena adu singa.,marah
"Penyihir marah mendengar lelucon raja dan mengutuknya, ""Raja, suatu saat kau akan punya anak yang berhidung besar.""",marah
Burung hantu marah dan mengejar burung gagak.,marah
"Sejak saat itu, burung gagak dan burung hantu selalu bermusuhan.",marah
Si Merah Kecil iri melihat babi yang mendapat makanan yang lezat-lezat.,marah
"Buaya kesal penyamarannya diketahui. ""Ya. Aku akan memakanmu,"" kata buaya.",marah
Sang bapak lama-lama kesal oleh sikap menantu-menantunya itu.,marah
Raja pun sangat kesal karena tidak dapat berbuat apa-apa.,marah
raja pun sedikit marah dan akhirnya ia memutuskan untuk tidur dan menahan rasa laparnya.,marah
"Kepiting benar-benar geram mendengar cerita Ayam, ia tak rela sahabatnya diperlakukan seperti itu.",marah
Tikus yang memarahinya itu semakin marah karena tikus yang sedang makan tidaklah menyaut atau mengungkapkan sepatah katapun dan bahkan dia mengiraukan dirinya,marah
"Tikus yang sedang makan kini kehilangan selara makannya, segera dia mencakar kembali dan menggigit tikus pemarah itu, mereka bergerumul berkelahi dengan sengitnya.",marah
Istrinya marah sekali atas kebodohan suaminya.,marah
"Tetangga petani menjadi marah. ""Istri petani sengaja mau mencelakaiku dengan ular ini,"" pikirnya.",marah
Pemimpin desa marah besar pada Maldonado yang lari tanpa sepengetahuan dirinya. la menghukum Maldonado sebagai pelajaran bagi yang lainnya agar tidak membantahnya.,marah
"Nelayan marah melihat Tigran melepas ikan kecil itu. ""Kau bodoh sekali. Kau kubayar untuk menangkap ikan, bukan untuk melepaskan ikan. Kau kupecat!"" bentak sang nelayan.",marah
sang gabus tidak melepaskan gigitannya malah dia dengan kuat menggigit leher sang kuntul hingga putus sambil berkata ‘kau mencoba menipu kami kini rasakan akibatnya.”,marah
"mendengar kejadian tersebut para orca sangat marah, segera mereka pergi mendatangi kediaman para hiu putih untuk memberi peringatan agar tidak lagi berburu di wilayah para orca.",marah
"para orca dengarkan aku, para hiu putih saat ini sedang melanggar janjinya, kini kita akan memberikan pelajaran yang begitu berarti untuk mereka",marah
"“apa, yang kau lakukan setiap hari hanya menari, kini setelah kau sadar akan kebutuhan hidupmu kau memintanya kepada kami, enak sekali hidupmu itu.” kata sang semut sambil memasang wajah marah",marah
"Dengan penuh amarah penghuni rumah mengambil sapu lalu memukul sang kucing desa, sang kucing desa merasa ketakutan dengan kelakuan penghuni rumah dia berlari menjauh darinya",marah
Ia pun sangat iri melihat kecantikkan Angsa-angsa tersebut.,marah
Wanita-wanita itu marah. Mereka berubah menjadi babi hutan dan menyerang Pak Raje.,marah
Malin Kundang yang kesal dan marah segera mengajak istrinya naik ke kapal.,marah
Mananamakrdi sangat geram. Dengan cepat ia keluar dari persembunyiannya dan menangkap makhluk itu.,marah
"Melihat tingkah laku si Naga yang selalu menghambur-hamburkan harta kerajaan, maka si Buaya pun marah.",marah
"""Aduhh... anjing nakal! Kau makan semua singkong rebusku?"" teriak si Lebai kesal.",marah
"Si Lebai sangat kesal, ikan tak didapat, singkong rebus pun hilang dari genggaman.",marah
Raja sangat kecewa dan marah kemudian ia memerintahkan para pengawa lnya untuk membuang permaisuri ke hutan.,marah
"""Dasar permaisuri pembawa bala kau malah memberiku seekor Lokan, Itu bukan anakku! Pergi kau dari istana!!!"" teriak Raja penuh murka.",marah
"la pun marah kepada anak laki-Iakinya. ""Dasar anak ikan!"" ucapnya tanpa disadari.",marah
"""Asal kau tahu, ibumu adalah jelmaan seekor ikan!"" kata ayahnya dengan sangat marah.",marah
‘’ Kenapa kau membawa makanan sisa untuk Ayahmu yang seharian ini bekerja?’’ Tanya Toba marah,marah
Suara terompet Jack membangunkan Cormoran. la marah sekali dan keluar dari gua.,marah
"la bersumpah akan membalas kematian Cormoran. ""Suatu hari, aku akan membalaskan kematian Cormoran,"" begitu sumpah Blunderbore.",marah
‘’ Dasar kau binatang kecil yang bodoh! sepertinya aku sangat lapar dan aku lihat dagingmu sangat lezat.’’ Kata Raja Babi dengan marah.,marah
Serigala sangat marah karena ia ditipu oleh Ayam.,marah
"namun, kedua binatang terebut langsung bertengkar untuk memperebutkan Rusa tersebut.",marah
"Tapi suatu hari, keempat lembu bertengkar karena perbedaan pendapat.",marah
Singa hanya bisa meraung-raung marah.,marah
"Gagak marah mendengar ejekan rubah. la mengeluarkan suara keras, ""Kaak.""",marah
Keluarga istri Raja sangat geram mendapati tindakan warga kampung.,marah
Mendengar penolakan Putri Aji Bedarah Putih itu membuat Raja Cina menjadi amat murka.,marah
"Ia tidak segera memerintahkan para prajuritnya untuk kembali ke Cina, melainkan memerintahkan segenap kekuatan pendukungnya itu untuk menyerang kerajaan yang dipimpin Putri Aji Bedarah Putih!",marah
"Setelah berulang-ulang meminta makan namun tidak juga dipenuhi, Dimun dan Meterei menjadi marah.",marah
"Ibu mereka yang jengkel langsung menghardik, ""Mintalah makanan pada ayah kalian itu!""",marah
Begitu terus berulang-ulang hingga Dimun dan Meterei menjadi sangat jengkel serta marah.,marah
"Syandan, tak terkirakan kemarahan Kerbau Putih ketika mendapati Putri Kesupuk melarikan diri.",marah
"Dengan kemarahannya yang sangat, Kerbau Putih menyeruduk pohon tempat Putri Kesupuk berada.",marah
Sang Ayah sangat marah mengetahui bahwa anaknya Rohib tidak menyelesaikan belajarnya selama ini.,marah
Karena sangat marah dan kecewa Raja memerintahkan pengawalnya untuk memberikan hukuman mati kepada anaknya sendiri.,marah
"Mengetahui hal itu,Kucing dan Anjing menjadi kesal. Mereka pun marah besar. Sejak itulah Anjing dan Kucing memusuhi Tikus.",marah
"Sang Raja sangat murka karena tindakan mereka, terutama karena mendengar suara mencicit dari Papuq Mame dan Papuq Ki Ne.",marah
Keduanya merasa iri dengan anjing-anjing yang dimiliki Sang Raja.,marah
Tuhan pun murka kepada keduanya karena keserakahan mereka.,marah
"Raja Hasan sebenarnya sangat marah karena, Raja Bayang dan pasukannya sudah membuat kekacauan",marah
Raja Bayang pun sangat marah dengan penolakkan Raja Hasan. Wajahnya pun berubah menjadi merah terbakar.,marah
Selama itu suaminya telah berbohong padanya. Kekecewaan yang dirasakannya berubah menjadi kemarahan.,marah
"Namun, Batu Batangkup sangat marah. ‘’ Kalian anak-anak yang tidak tahu di untung. Kalian hanya anak nakal yang bisanya Cuma main dan main. Sekarang penyesalan kalian tidak aka nada gunanya.’’ Kata Batu Batangkup dengan nada tinggi.",marah
Dengan penuh kejengkelan berteriaklah Manuella sambil memandang pohon itu,marah
Nenek sangat marah mendengar pengakuan si burung pipit.,marah
Ini adalah kesempatan si nenek untuk melampiaskan kemarahannya. Maka keluarlah cacian dari mulut nenek.,marah
Tapi nenek yang serakah malah memarahi kakek karena tidak memilih kotak yang besar.,marah
ibunya memarahinya karena menganggap putri termuda tersebut terlalu lama kembali dari mengambil air,marah
"Sekarang sang Raja dengan marah berkata kepada putrinya,",marah
"Putri raja tersebut menjadi sangat marah, mengangkat kodok tersebut keatas dan melemparkannya ke dinding sambil menangis, “Diamlah kamu kodok jelek!”",marah
Kecantikannya membuat iri gadis-gadis lain yang mengenalnya.,marah
Dan tentu saja hal ini membuat ketujuh gadis ini semakin murka.,marah
Akhirnya orang tua Akim mengetahui kehadiran Akim di pesta itu. Mereka marah dan menyuruh Akim untuk segera pulang.,marah
"Ayah Akim yang masih mendendam kepada ketujuh gadis itu, merencanakan untuk membalas dendam.",marah
Tapi Putri dengan marah berkata bahwa ia telah ditipu dan ia hanya mau mengaku kalah jika Shahzada bisa membuatnya berbicara sebanyak tiga kali.,marah
"Karena geram, putri pun menghancurkan tiang lampu di kamarnya.",marah
Sementara sang Putri sangat kesal karena telah dua kali keceplosan.,marah
Maka untuk melampiaskan amarahnya ia segera memerintahkan untuk menghancurkan dinding tempat Bulbul bersandar semalam.,marah
Putri bisu bangkit dari tempat duduknya dan dengan marah ia berteriak; “Kalian semua bodoh! Orang sakti itulah yang paling berhak! Wanita itu berhutang nyawa padanya!”,marah
"Pemuda yang membawa gadis itu sangat marah, dia mengeluarkan cambuk dan melecutkannya ke arah Jhi Ge Phu.",marah
Raja sangat marah dan tidak mau mengakui kekalahannya.,marah
Raja sangat marah dengan kekalahannya. Dengan geram dia memerintahkan para prajuritnya untuk membawa putri naga dengan paksa.,marah
"Hatinya marah, wajahnya merah padam.",marah
Ia berusaha melupakan ulah si Hitam yang tak mau ia suapi. Namun hatinya tetap marah.,marah
“Saya tidak akan membeli sesuatu dengan emas itu. Saya bahkan tidak pernah berpikir untuk berbelanja sesuatu dengan emas itu.” teriaknya lagi dengan marah.,marah
"Pedagang yang merasa marah, kemudian membawa keledainya tersebut kembali ke pasar",marah
"istriku sangat marah, dia tidak ingin tinggal di rumah kami yang lama karena rumah itu sudah hampir roboh.”",marah
Bulan diam. Ia sangat kesal.,marah
Perasaan kesal dan jengkel tertuju pada suaminya.,marah
"Suatu hari, Pangeran Aji Lesmana marah pada ayah bundanya, “Ayah dan Ibu jahat. Mengapa menyusahkan orang miskin?!”",marah
"Raja dan Ratu sangat marah mendengar perkataan putra mereka itu. “Jangan mengatur orangtua! Karena kau telah berbuat salah, aku akan menghukummu. Pergilah dari istana ini!” usir Raja.",marah
Raja dan Ratu sedang naik pitam.,marah
Kecuali Obi Kerbau yang merasa iri pada Ucil Kancil.,marah
"“Huh, hewan kecil itu membuatku terhina,” sungut Obi Kerbau. “Tunggu saja balasanku!” geramnya.",marah
Obi Kerbau mencari akal untuk membalas sakit hatinya pada Ucil Kancil.,marah
"Sejak saat itu, Obi Kerbau marah sekali bila melihat kain merah.",marah
Hingga saat ini kerbau akan marah bila melihat kain berwarna merah.,marah
Namun kapal itu tetap tak bergerak. Raja menjadi kecewa dan marah.,marah
"“Tetapi saya tidak mungkin hidup di daerah tanpa kodok seperti ini,” jawab sang bangau agak jengkel.",marah
"Tindakan Drakula yang membantai 23.000 tentara Turki Ottoman, membuat sultan Mehmed II menyatakan perang kepada Drakula.",marah
“Kalian ini sungguh keterlaluan. Mestinya ayah tak perlu membawakan apa-apa untuk kalian. Bisanya hanya mengganggu saja!” Kata Puteri Kuning dengan marah.,marah
"Mendengarnya, Puteri Hijau menjadi marah. Ia segera mencari saudara-saudaranya dan menghasut mereka.",marah
Raja sangat marah. “Hai para pengawal! Cari dan temukanlah Puteri Kuning!” teriaknya.,marah
"Dengan nada marah, ia berkata, “Simpan bubu dekat Pagar, bubu dimakan anai-anai, maka anai-anailah yang saya ambil”.",marah
"Ketika is melihat tulang-tulang rusa di piringnya dan di piring si Bungkuk daging yang empuk, bukan main marahnya.",marah
Rumah-rumah kosong. Belanda marah dan melampiaskan kemarahan mereka dengan menghancurkan kampung itu.,marah
"Karena sudah terlalu lama tak ada yang memakan umpan pancingnya, dia jadi kesal dan memutuskan untuk berhenti saja memancing.",marah
"Oleh karena itu, maka si ayah jadi sangat marah ketika melihat nasi yang diberikan kepadanya adalah sisa-sisa.",marah
Amarahnya makin bertambah ketika anaknya mengaku bahwa dia yang memakan sebagian besar dari nasinya itu.,marah
“Jangan bicara sembarangan. Jampang!” Mayangsari mulai marah.,marah
Tiba-tiba pintu rumah terbuka. Tampak Mayangsari makin marah.,marah
Sesudah itu Abdib mencari Jampang. Dia marah sekali.,marah
"Karena si Tumang tidak menurut, Sangkuriang marah dan membunuh Si Tumang.",marah
"Setelah Dayang Sumbi mengetahui bahwa yang dimakannya adalah Si Tumang, kemarahannya pun memuncak serta merta kepala Sangkuriang dipukul dengan sendok yang terbuat dari tempurung kelapa sehingga luka dan diusirlah Sangkuriang.",marah
"Sangkuriang menjadi gusar, dipuncak kemarahannya, bendungan yang berada di Sanghyang Tikoro dijebolnya",marah
Kekesalannya akhirnya memuncak ketika Si Limbat melaporkan pada majikannya bahwa daging persediaan mereka di rumah sudah hilang dicuri orang.,marah
"Gema tidak puas melanda Batuampar, Entong Gendut dan kawan-kawannya marah sekali.",marah
Timbul dendam di hatinya pada Anteh.,marah
“Pokoknya aku sebal melihat mukamu!” bentak putri.,marah
Baginda menjadi murka mendengar penjelasan tabib istana. Ia segera memerintahkan patih untuk membuang permaisuri ke hutan dan membunuhnya.,marah
"“Aku akan memberikan hukuman yang setimpal pada selirku,” lanjut Baginda dengan murka.",marah
Jatuhnya Jayakarta ke tangan Kompeni Belanda pada tahun 1619 membuat banyak ulama marah.,marah
"Akan tetapi, ketika dia melihat air di tepian menjadi keruh setiap itik itu selesai dia pun marah.",marah
Bukan main marahnya kera menyaksikan itik mengeruhkan air di tepian itu lagi.,marah
Dengan kejengkelan luar biasa kera memasukkan anak pipit itu ke dalam mulutnya.,marah
Kera marah bukan main. Akal sehatnya hilang.,marah
Kontan Bang Bodong marah-marah.,marah
"Mereka pura-pura setuju, walaupun didalam hati mereka marah dan mulai mencari akal bagaimana merebut tahta dari Purbasari.",marah
"Purbararang kemudian menjadi marah, “Bunuh! Ayo bunuh lutung itu!” teriaknya.",marah
Ia pun menjadi marah dan berpikir mencari jalan untuk mencelakakan Purbasari.,marah
"Meskipun demikian, ketika beliau keluar pada suatu hari menemui sahabat-sahabatnya dan mendapati mereka mengutamakan para nabi dan mendahulukannya atas mereka, maka beliau justru menampakkan kemarahan dan wajahnya berubah.",marah
"Dengan kemarahan yang sangat, Hamzah mencari-cari Abu Jahal lalu ia melihatnya sedang duduk-duduk di tengah-tengah kaumnya.",marah
Kemudian suaminya ikut campur dan Umar pun tampak marah kepadanya.,marah
"Hei perempuan tua berpakaian lusuh, siapakah engkau ini hingga berani beraninya engkau memelukku",jijik
Ia hanya seorang pengemis tua renta yang mengaku aku sebagai anaknya karena mengetahui aku ini seorang yang kaya raya!,jijik
mereka sengaja meminta Kleting Kuning mengenakan pakaian yang jelek dan kumal hingga Kleting Kuning tampak seperti pembantu yang telah kehilangan kewarasan.,jijik
Bercerminlah dahulu dirimu hei Kleting Kuning jangan sampai Ande-ande Lumut yang tampan itu menjadi muak ketika melihat wujudmu yang menyedihkan itu.,jijik
"Dengan tetap mengenakan pakaian kumal hingga tubuhnya berbau, Kleting Kuning menuju desa Dadapan.",jijik
Kepiting raksasa itu sebenarnya tidak mau menyeberangkan Kleting Kuning karena tubuh Kleting Kuning yang bau itu.,jijik
Kleting Kuning yang herpakaian kumal lagi bau badannya,jijik
Ternyata bau itu adalah tumpukan daging hasil perburuan beberapa serigala.,jijik
"""Enak saja, pergi sana,"" kata kakak tertua mengusir.",jijik
"Setelah sampai dirumah, Bawang merah dan ibunya segera mengusir Bawang putih dari rumah.",jijik
"Namun, mereka langsung mengusir Itik abu-abu agar segera pergi dari depan rumah tersebut.",jijik
la tidak mau mengakui ayah dan ibunya yang renta dan miskin.,jijik
"""Pergi! Aku tidak suka makanan kampung! Orangtuaku adalah seorang saudagar kaya, bukan gembel seperti kalian!"" seru sang anak sambil membuang makanan pemberian ibunya.",jijik
“Ibu kandung? Cis! Bukan! Ia bukan ibuku! Ia hanya seorang pengemis tua renta yang mengaku aku sebagai anaknya karena mengetahui aku ini seorang yang kaya raya!”,jijik
"""Jadi wanita tua, bau, dekil ini adalah ibu kamu, Malin""",jijik
"Sambil memandang sinis ke bawah, ia meludahi ibunya.",jijik
"Mananamakrdi bernasib sangat tidak beruntung, tubuhnya penuh kudis dan berbau tak sedap.",jijik
"Hingga suatu hari, Mananamakrdi diusir oleh saudara-saudaranya karena bau kudisnya sudah tak tertahankan lagi.",jijik
"Namun, ia terkejut saat membuka bungkusan tersebut. Isinya hanyalah sisa-sisa makanan yang menjijikan.",jijik
aku sudah bosan memakan tikus tubuh mereka bau sehingga membuatku menjadi mual.,jijik
"Kakak-kakaknya yang sangat jahat memanggilnya ‘’Cinderella’’, yang artinya ‘’ Gadis yang sangat kotor’’ menurut mereka itu adalah panggilan yang cocok untuk Cinderella.",jijik
"Haha, dasar Cinderella bodoh ! kau tinggal di rumah selama kami pergi, bersihkan semua ruangan, cuci piring dan baju, dan kamu sangat jelek.",jijik
Pengeran tidak akan melihatmu meskipun kau datang kesana.,jijik
Tetapi aku juga tidak dapat pergi dengan pakaian kotor dan bau seperti ini,jijik
Cinderella kembali menjadi gadis kotor dan berdebu.,jijik
"Tapi, ia tidak menemukan harta karun, justru mendapat sampah yang berbau busuk.",jijik
"ibunya berjalan di belakang membawa keranjang belanjaan, berpakaian sangat dekil layaknya pembantu",jijik
Dari kepala istrinya ia melihat asap yang muncul dan kemudian diikuti dengan keluarnya seekor lipan berwarna putih.,jijik
Ketika Raja Cina makan ia langsung menyesap dengan mulutnya dan tidak menggunakan tangannya.,jijik
"Namun, sangat menjijikkan dalam pandangan Putri Aji Bedarah Putih.",jijik
Sepah-sepah yang disemburkan Putri Aji Bedarah Putih berubah menjadi ribuan lipan besar.,jijik
Ribuan lipan besar itu terus menyerbu hingga memasuki jung-jung.,jijik
"Dalam perjalanan berikutnya, mereka bertemu dengan seekor lipan besar.",jijik
Dalam perjalanan itu si lelaki tua hampir menginjak seekor tikus jantan besar.,jijik
Alibaba membawa tubuh Kasim ke tukang sepatu untuk menjahitnya kembali seperti semula.,jijik
"Akulah orang itu, karena setelah menjahit mayat yang terpotong,",jijik
"dari setiap kata yang kamu ucapkan, dari mulutmu akan keluar seekor ular atau seekor katak",jijik
dari mulutnya keluarlah dua ekor ular berbisa dan dua ekor katak,jijik
Monster berkepala babi yang berbulu hijau,jijik
seekor kodok yang menjulurkan kepala besarnya yang jelek keluar dari air,jijik
"“Oh.. tidak,” jawabnya; “tidak ada raksasa, hanya kodok jelek.”",jijik
“Hai perempuan jelek! Jangan naik ke kapal ini. Pergi dari sini!” usir seorang anak buah kapal si Lancang.,jijik
Seekor babi hutan betina bernama Wayungyang yang tengah bertapa ingin menjadi manusia meminum air seni tadi.,jijik
Darah pun tak henti-hentinya mengalir dari Iidahnya,jijik
Darah segar mengalir dari kepala.,jijik
Para tentara Abrahah kembali dalam keadaan binasa di mana daging-daging dari tubuh mereka berceceran di jalan.,jijik
Abrahah pun mendapatkan luka dan mereka keluar dari tempat itu dalam keadaan dagingnya terpisah satu persatu.,jijik
orang-orang musyrik memilih waktu yang tepat untuk menyembelih binatang di Mekah lalu mereka membawa usus-usus atau jeroan dari unta dan mereka melemparkannya dan meletakkannya di atas punggung Nabi saat beliau sujud,jijik
Negeri Tanjung mendapat ancaman penyerangan dari negeri tetangga.,takut
"""Bang! Tolong aku! Pendekar Katung ingin menikahiku! Bawa aku pergi Bang, nanti aku akan menceritakan yang sebenarnya!"" kata Suri panik.",takut
Jika ayahnya pulang Bawang Putih tidak berani mengadukan perbuatan Ibu dan saudara tirinya.,takut
"Bawang Putih sangat panik dan takut, karena baju yang hanyut adalah baju kesayangan ibu tirinya.",takut
Ratusan ekor binatang berbisa itu menyerang ibu dan Bawang Merah.,takut
Kapal dagang yang ditumpanginya itu diserang kapal bajak laut.,takut
Malin Kundang bersembunyi di ruang kecil yang tertutup tumpukan kayu.,takut
Yuyu Kangkang menjerit-jerit meminta tolong.,takut
ia didatangi raksasa yang amat besar dan berwajah menyeramkan,takut
"Mbok Sirni ketakutan, tubuhnya menggigil, ia ingin berlari menghindari dari terkaman raksasa itu.",takut
"""Ba... Baiklah, apa syaratnya?"" tanya Mbok Sirni ragu-ragu.",takut
"Mbok Sirni amat ketakutan, ia tak mau melepaskan Timun Mas begitu saja untuk disantap raksasa itu.",takut
"Timun Mas masih ragu, sungguh ia sangat ketakutan",takut
"Timun Mas amat takut, kemudian ia membuka kembali bungkusan kedua",takut
Lehermu akan dipenggal algojo kerajaan setelah ayam jagomu kalah.,takut
Ketika kucing itu dipukul kucing itu langsung terbangun dan lari terbirit-birit karena takut dipukul lagi oleh pemilik ayam itu.,takut
"Ratu pun sangat gelisah bagaimana caranya, agar ia dapat mengetahui nama Kurcaci tersebut.",takut
"""Jika ia bisa menjatuhkan badak dan menghancurkan gajah, aku pasti dengan mudah dibunuhnya,"" pikir kelinci.",takut
Serigala pun ketakutan seperti kelinci.,takut
Badak ketakutan mendengar jawaban itu.,takut
"Lama-lama, semua binatang berkumpul di depan sarang kelinci. Mereka semua ketakutan.",takut
"Ulat bulu ketakutan dan menjawab, ""Aku hanya seekor ulat bulu kok, hehehe.""",takut
ibu katak mendengar suara yang membuatnya ketakutan.,takut
Melihat surat tersebut Raja Badak sangat gelisah.,takut
Raja Badak sangat gelisah.,takut
"Raja Gajah pun berpikir. ‘’ Jika bulunya sangat besar dan tajam seperti ini, bagaimana dengan badannya?’’ hatinya seketika menjadi gelisah.”",takut
"la menceritakan tantangan singa. Mendengar itu, semua binatang ketakutan dan tidak ada yang berani membantu burung unta.",takut
Mereka semua takut kepada singa,takut
"Kelelawar Ian ketakutan. Sejak saat itulah, kelelawar tidak berani berkeliaran pada slang hari.",takut
Androcles takut sekali mendengar suara binatang buas itu.,takut
"Saat ia hendak bangun, singa itu telah berada di depannya. Androcles menutup wajahnya ketakutan.",takut
Petani mulai takut kehilangan istrinya.,takut
"Namun, Babi Sulung tetap bertahan di dalam rumah dengan ketakutan.",takut
Mereka segera berpelukan karena ketakutan.,takut
"Dengan sekuat tenaga, Ayam mencoba melepaskan diri. Kemudian ia lari sekencang-kencangnya keluar dari hutan.",takut
Tigran merenungi nasibnya. la takut tidak bisa menjawab pertanyaan sang Monster.,takut
Tigran gemetar ketakutan.,takut
Melihat sang Anjin. Itik abu pun ketakutan karena ia takut di makan olehnya.,takut
Seekor ular yang melintas di dekatnya membuat Mah Bongsu sangat ketakutan.,takut
babi hutan itu berteriak-teriak seolah memberi peringatan pada teman-temannya. Mereka semua Iari menyelamatkan diri.,takut
"Pertarungan tak terelakkan. Senjata kedua belah pihak saling beradu, suasana sungguh mencekam.",takut
"Towjatuwa nyaris pingsan karena ketakutan. ""Aduh, jika aku mati dimakan buaya ini, bagaimana nasib istriku?"" pikirnya dengan kalut.",takut
"Tanpa pikir panjang, Towjatuwa segera mengambil langkah seribu.",takut
Penduduk yang menyelenggarakan pesta rakyat berlari dengan panik sambil menjerit ketakutan.,takut
"Sang kucing mendekati sang kelalawar kini bukan seekor tikus yang berada di mulut sang kucing tetapi seekor burung dengan bulu-bulunya yang keluar, melihat hal itu sang kelalawar sangat takut",takut
Mimpi Yang Aneh Itu Membuatnya Sangat Gelisah.,takut
Timun Mas ketakutan melihat kekuatan raksasa itu.,takut
"""Baiklah, aku bersedia,"" sahut Mbok Sarni menjawab walau hatinya takut melihat sosok raksasa yang besar dan seram.",takut
"""Tidak, aku takut turun kesana."" Jawab Aladin",takut
Tiga anjing kampung itu Iari ketakutan saat melihat rombongan serigala.,takut
"Semua binatang yang ada di sana hanya terdiam. Mereka sangat takut, tidak ada satu orang pun yang berani menjawab.",takut
Ia bersembunyi di dalam lemari.,takut
"Serigala pun sangat terkejut, ia pun melonjat dan langsung berlari ketakutan.",takut
mereka langsung memeluk sang Ibu karena ketakutan.,takut
Raja yang sangat ketakutan segera berlari secepatnya keluar gua.,takut
"Bulunya berwarna kuning keemasan dan kedua matanya terlihat menyala menyeramkan. Karena seramnya, sang istri pun berlari menjauh.",takut
"Karena kebingungan dan rasa takutnya yang kian menjadi jadi, si perampok berusaha melepaskan patung landak ajaib itu dari tangannya.",takut
Mereka hendak meninggalkan wilayah yang sangat mengerikan itu.,takut
Di desa Penyak itu juga terdapat hutan yang terkenal angker.,takut
Tidak pernah ada penduduk desa Penyak yang berani memasuki hutan.,takut
"Menurut mereka, hutan itu dihuni oleh hantu, jin, setan, dan dedemit yang sangat menyeramkan.",takut
"Mereka percaya, siapa pun juga yang nekat memasuki hutan itu akan berakhir dengan kematiannya karena dimangsa makhluk-makhluk gaib yang menyeramkan itu.",takut
Warga desa Penyak secara turun-temurun memang tidak berani memasuki hutan angker itu.,takut
Para perompak yang lain merasa takut.,takut
Jack ketakutan dan memutuskan untuk bekerja.,takut
"""Aku akan melakukan itu lain kali, Bu,"" jawab Jack ketakutan.",takut
"Si murid ketakutan. ""Si...si...siram bunga itu...!"" jawab si murid sekenanya.",takut
"la adalah Beelzebub, iblis nomor dua setelah Lucifer. la datang Iangsung dari neraka Jahanam.",takut
"Si murid takut jika Beelzebub tidak berhenti, seluruh Yorkshire akan tenggelam.",takut
Ia takut anak yang dikandungnya itu seorang bayi laki-laki lalu akan dibunuh lagi oleh suaminya.,takut
Puang Mosso sangat takut jika sang Raja mengetahui bahwa anak laki-lakinya masih hidup.,takut
Kera Hitam sangat takut tertangkap si raksasa dan menjadi santapan si raksasa.,takut
Rohib pun bersiap untuk lari karena ketakutan.,takut
Tindakan mereka dan pasukkannya yang bertindak semena-mena membuat rakyat sangat ketakutan.,takut
Tubuhnya langsung gemetar.,takut
Si lelaki tua kian ketakutan.,takut
Tikus jantan yang ketakutan terpaksa menuruti ajakan Tulap si Raksasa.,takut
Lipan besar yang takut dimangsa Tulap si Raksasa terpaksa pula menurut.,takut
"Alibaba segera bersembunyi karena takut jika ia terlihat, ia akan dibunuh.",takut
"Ketika ia hendak keluar, Kasim lupa mantra untuk membuka pintu, ia berteriak apa saja dan mulai ketakutan.",takut
Para penyamun yang kejam tidak memberi ampun kepada Kasim. Ia segera dibunuh.,takut
Wush!!! Dari dalam kotak itu keluar ribuan makhluk yang menyeramkan dan mengejar nenek yang langsung lari terbirit-birit.,takut
Putri termuda kemudian lari menjauh darinya dan bersembunyi di dalam hutan yang tidak jauh dari rumahnya agar tidak mendapat pukulan lagi.,takut
“Hei! Jangan ganggu aku. Wajahmu yang mengerikan membuatku takut!” seruku.,takut
Pasti Pilt ketakutan ketika orang-orang dewasa itu beramai-ramai hendak menangkapnya.,takut
"Wajah monster ini dan monster lainnya, jauh lebih mengerikan dari monster yang membawaku ke sini.",takut
dia menutup pintu tersebut kembali dengan cepat dan tergesa-gesa duduk kembali di kursinya dengan perasaan gelisah,takut
Istana Putri bisu jika dilihat dari dekat ternyata sangat mengerikan karena dindingnya dibangun dari tulang belulang manusia.,takut
"Dari sela jari-jari Putri yang masih menutupi mukanya, mengalir darah segar. Dengan panik mereka berusaha menghentikannya.",takut
"Dengan ketakutan, mereka segera menyerahkan sebuah cermin.",takut
Ia begitu ketakutan membayangkan kemarahan Pangeran jika ia tahu mempelainya tak secantik yang ia bayangkan.,takut
Petir menyambar diiringi guntur yang menggelegar begitu Putri mengucapkan doanya. Semua yang ada di situ menjerit ketakutan.,takut
Mereka semakin ketakutan ketika melihat badan Putri secara perlahan mulai ditumbuhi sisik seperti ular.,takut
Cik Awang gelisah karena tidak mungkin ada musang yang berjanggut.,takut
Datuk Hakim ketakutan. Dia meminta Syarifah menyembunyikan dirinya.,takut
Datuk Bendahara takut setengah mati. Dia minta disembunyikan.,takut
Tapi perasaan takut masih menyelimuti mereka.,takut
"“Tolong tolong, aku tersangkut!” ucap si gabus dengan rasa takut.",takut
Sang kera naik perahu dengan perasaan takut sekali.,takut
"Sesekali, perahu itu diterjang ombak. Wajah sang kera menjadi pucat.",takut
Seluruh anggota pasukan Belanda gemetar ketakutan.,takut
"“Saya tidak melarang, Mang Jampang,” jawab Abdih yang ketakutan juga",takut
Syarat yang aneh itu membuat Si Limbat ketakutan.,takut
"tapi mereka menjadi sangat takut. Karena pada ulang tahun Timun Mas yang ke-17, sang raksasa datang kembali.",takut
Raksasa lagi-lagi hampir menangkapnya. Timun Mas sangat ketakutan.,takut
"Mereka bingung dan takut, barangkali datang serangan kedua.",takut
la tidak berani menolak karena takut akibatnya.,takut
"“Iya paman, saya baru datang!” kata Anteh ketakutan.",takut
Anteh mundur dengan ketakutan.,takut
Anteh yang ketakutan berusaha melarikan diri.,takut
Dia tidak bisa kembali ke bumi karena takut pangeran Anantakusuma akan mengejarnya.,takut
Hampir setiap hari terjadi perampasan dan perampokan. Rakyat kecil ketakutan.,takut
"Setelah itu keadaan sepi kembali, membuat bulu kuduk meremang.",takut
"Para perampok bukan saja membawa golok-golok tajam untuk mendongkel daun nipah penutup rumah, tetapi yang lebih mengerikan adalah saat mereka menggunakan kesunyian malam untuk membuat galian panjang dari luar rumah.",takut
Pada suatu hari istri Pangeran Sarif merasa takut sekali tinggal sendiri di rumah sebab saat itu dia sedang hamil muda.,takut
"Akan tetapi, dia takut dikalahkan kera besar itu.",takut
“Aku takut! Aku malu dimaki kera itu lagi!”,takut
kera takut anak pipit itu terbang.,takut
"Kebingungan, ketakutan, dan rasa kesal membuat putri bungsu tidak berdaya.",takut
Mereka takut akan Purbararang yang terkenal kejam.,takut
Dengan ketakutan yang luar biasa Aki Panyumpit tergesa-gesa masuk hutan belantara.,takut
Para putri dan wanita-wanita bangsawan menjerit ketakutan.,takut
Mereka tunggang langgang melarikan diri dan tidak berani muncul kembali.,takut
Para prajurit yang ketakutan segera berangkat ke hutan dan langsung bekerja keras membuka hutan.,takut
"Kemudian ketika Abrahahh melewati kota Taif, menghadaplah kepadanya beberapa orang tokoh setempat, dan mereka tampak gemetar ketakutan",takut
Gajah-gajah semakin berteriak dengan kencang dan tampak ketakutan.,takut
Dan rasa takut itu kini menghinggapi seluruh pasukan.,takut
"Di tengah hari, saudaranya berlari-lari dalam keadaan takut dan menangis sambil berteriak bahwa Muhammad telah terbunuh.",takut
Aku merasakan ketakutan yang luar biasa.,takut
"Sebagaimana Nabi Musa lari ketakutan, maka Muhammad bin Abdillah pun segera menuju ke rumahnya dalam keadaan ketakutan.",takut
Tubuhnya yang mulia bergetar denga keras dan beliau merasakan ketakutan dan kegelisahan.,takut
Sesungguhnya yang takut kepada Allah di antara hamba-hamba-Nya hanyalah orang-orangyang berilmu (ulama),takut
Takut kepada Allah SWT tidak akan muncul kecuali berdasarkan ilmu.,takut
Bertambahlah jumlah kaum Muslim hingga kaum Quraisy merasakan ketakutan.,takut
'Utbah berdiri dalam keadaan takut dan segera menuju kaum Quraisy.,takut
Rasa ketakutan mulai menghantui para pemuka Quraisy dan mereka menetapkan metode baru untuk menghadapi kaum Muslim.,takut
"Sang Putri sangat asyik dengan acara tersebut, tak terasa hari sudah lewat tengah malam.",senang
"Dengan kehebatan mereka dan juga bantuan dari para siluman hutan, mereka berhasil memenangkan pertempuran.",senang
"Suatu masa, Pamuncak Rencong Talang sangat gembira, karena hasil panen rakyatnya melimpah.",senang
Ternyata benar baju itu milik ibunya.. ia sangat berterima kasih kepada nenek itu.,senang
Nenek sangat senang kepadanya.,senang
Nenek itu memberikan hadiah kepada Bawang Putih karena sudah membantunya bekerja membersihkan rumah.,senang
Ia sangat senang karena mendapatkan labu yang lebih besar dari Bawang Putih.,senang
Dia pun dapat hidup berbahagia.,senang
Gembiralah hati Malin Kundang ketika mendapati ada kapal dagang yang tengah berlabuh di pantai Aia Manih dan bertambah-tambah kebahagiaannya saat nakhoda kapal memperbolehkannya untuk turut menumpang dalam kapal itu.,senang
Tak terkirakan gembira dan bahagia hatinya ketika ia melihat sebuah kapal yang besar serta mewah tengah bersandar dipelabuhan.,senang
Cinderella sangat bersemangat dengan undangan pesta itu.,senang
Cinderella sangat gembira saat melihat gaun ibunya itu.,senang
Tak terperikan kegembiraan Dewi Candra Kirana ketika bertemu kembali dengan suami tercintanya.,senang
"Timun Mas tumbuh menjadi gadis yang baik budi dan cantik jelita, Mbok Sirni amat menyayanginya sepenuh hati.",senang
"Mbok Sirni bahagia bukan main, tentu ia tidak akan pernah melepaskan Timun Mas kepada siapapun.",senang
"Semakin hari, Mbok Sirni semakin menyayangi Timun Mas",senang
"Akhirnya, mereka hidup damai dan bahagia selamanya.",senang
Semangat bertarung ayam jago Cindelaras sangat besar.,senang
Sebagian penonton yang menjagokan ayam jago Cindelaras bersorak sorai gembira.,senang
Dia hidup bahagia bersama suami dan anaknya Cindelaras.,senang
Ketika rubah itu merasa aman dia berjalan dengan wajah terlihat gembira.,senang
“Kuperhatikan dari tadi kau mengejeku aku mendengarnya dengan sangat baik rupanya kau sangat senang berada di atap sana”,senang
Ular itu senang ketika melihat dua ekor tupai sedang berkelahi,senang
Tidak terkirakan kebahagiaan Raden Inu Kertapati setelah berhasil menemukan pujaan hatinya.,senang
Rakyat kerjaaan Daha dan Kahuripan bersuka cita menyambut pernikahan agung itu.,senang
Dia sangat berbahagia karena Candra Kirana menganggap dia seperti ibu kandungnya sendiri.,senang
"Melihat hal tersebut, Raja sangat senang.",senang
"Suatu hari, kabar yang sangat menyenangkan terdengar oleh sang Raja, istrinya kini sedang mengandung dan kemudian melahirkan.",senang
"Ratu pun sangat bahagia, ketika ia menggendong bayinya.",senang
Aku sangat senang dan gembira.,senang
Ratu pun sangat senang mengetahui nama si Kurcaci.,senang
Kalau begitu namamu Rumpelstilskin?’’ jawab Ratu tersenyum.,senang
Ratu hanya tersenyum bahagia dan memeluk bayinya dengan sangat erat.,senang
Semua binatang di situ kesal sekaligus geli melihat tingkah ulat bulu.,senang
"""Ayo kita pergi ke kolam dan bersenang-senang,"" kata George.",senang
"""Di kolam hanya ada lumpur. Kita tidak bisa berenang di dalam lumpur,"" kata Frank lagi.",senang
"Mereka membawa kerikil sekantung penuh. ""Ayo kita bersenang-senang,"" kata George.",senang
"Suatu hari, di sebuah kerajaan hiduplah seorang Raja yang sangat senang dengan memakai baju baru.",senang
"Mendengar kabar tersebut, Raja tersenyum sangat lebar. Ia pun sangat senang mendengar baju yang terbuat dari emas asli, pasti sangat indah pikirnya.",senang
"Meskipun bajunya tidak terlihat. Namun, Raja sangat senang dan percaya diri.",senang
Dengan rasa bangga. Raja terus melambaikan tangan.,senang
Rakyat hutan belantara sangat senang mendengar kabar tersebut. Kehidupan di dalam hutan belantara pun menjadi kembali tentram seperti semula.,senang
"Akhirnya, saudagar menikahkan anaknya dengan anak perempuan pandai besi. Sejak saat itu, mereka hidup lebih bahagia.",senang
Burung unta sangat menyayangi anaknya.,senang
"Di sebuah negeri es, ada seorang anak muda yang penuh semangat bernama Sergevan.",senang
"Esoknya, ia melaksanakan nasihat nenek tua saat berburu. la pun mendapat hasil buruan yang banyak",senang
"Akhirnya, perang berakhir dan semua binatang berdamai.",senang
Tuan pemilik Androcles kagum mendengar cerita itu.,senang
Ayah Putri Rosebud dan para pembesar istana tertawa melihat hidung Pangeran Andre.,senang
"Sejak saat itu, Pangeran Andre dan Putri Rosebud hidup bahagia selamanya.",senang
Manusia Kerdil senang sekali. Mereka berdua makan dengan lahap.,senang
Simpleton berterima kasih dan melakukan apa yang dikatakan manusia kerdil.,senang
Raja jatuh cinta pada gajah putih itu dan ingin membelinya.,senang
"Sejak saat itu, tukang kayu tidak pernah hidup kekurangan lagi.",senang
"Monyet tertawa geli melihat kebodohan buaya. ""Jadi, benar ada kamu di situ, Buaya?""",senang
"Gadis itu tertawa, ""Aku tahu hadiah apa saja yang kalian harus bawa?""",senang
"""Akhirnya ada binatang betina yang masuk perangkap,"" kata setan sambil tertawa.",senang
Ia pun sangat senang melihat rumahnya sudah siap di huni.,senang
ia pun tersenyum senang melihat rumahnya.,senang
Ketiga Babi tersebut sangat senang karena terbebas dari Serigala yang menakutkan tersebut.,senang
"Kini, semua benda yang ia sentuh akan berubah menjadi emas. Raja sangat senang.",senang
Raja pun senang karena sekarang ia menjadi lebih kaya.,senang
Raja sangat bahagia dan segera memeluk Putrinya dengan sangat erat.,senang
Mereka hidup berdampingan dengan rukun dan damai.,senang
Rusa-rusa yang lain ikut untuk memberi semangat.,senang
"Sejak saat itu, keadaan di hutan kembali damai seperti dulu.",senang
"""Wah, sepertinya menarik. Ayo kita segera berangkat,"" sahut Kera bersemangat.",senang
Tetangga petani sangat senang dan ia pun pergi ke ladang.,senang
Tigran gembira bukan kepalang.,senang
"Burung itu sangat senang mencari makanan di sungai yang jernih itu karena ikan-ikan sangat berlimpah disana, sang kuntul tidak pernah pergi ke sungai lain untuk mencari makanan karena makanan di sungai itu sangat melimpah.",senang
"Di sebuah lautan yang dingin dan penuh dengan ikan-ikan hiduplah sekelompok paus orca, mereka hidup dengan damai tanpa ancaman dari apapun",senang
Dari jauh dia melihat sang angsa berenang dengan senangnya dan sang cayman menyerang nya sambil menyelam,senang
“sekarang tidak ada lagi tempat untuk berlari wahai angsa yang anggun kini kau akan menjadi santapan ku hahaha.” kata sang cayman dengan perasaan yang girang,senang
Sang anjing tersenyum bahagia karena dia telah menemukan makanan,senang
"Mendengar rayuan sang anjing yang begitu membuat senang sang burung bangau, sang burung bangau kini lupa akan rasa curiga dan ikan besar yang dipegang oleh mulutnya.",senang
dia mencium aroma yang sangat enak dan lezat hingga semangat makannya kini meningkat,senang
"Itik abu-abu sangat senang. Kini, ia bukan Itik yang buruk rupa lagi. Ia adalah seekor Angsa yang sangat cantik.",senang
Mereka kemudian menikah dan hidup berbahagia.,senang
Kedatangan Dempu Awang sampai ke telinga ibunya. Ibu Dempu sangat gembira.,senang
"""Jika begitu, ayo kita sebarkan berita baik ini pada penduduk desa,"" kata Pak Raje dengan bersemangat.",senang
Pesta pemikahan antara si Penyumpit dan putri Pak Raje dilaksanakan dengan meriah.,senang
Dan si Penyumpit berhasil memimpin desa itu dengan arif dan bijaksana sehingga masyarakat hidup dalam kedamaian dan kebahagiaan,senang
Insoraki senang sekali melihat perubahan wujud suaminya.,senang
"Panglima Wire menepuk pundak Caadara, ""Ayah benar-benar bangga padamu, kelak kau akan jadi panglima perang yang hebat.""",senang
Ia merasa bangga saat teman-teman Caadara menceritakan kehebatan anaknya.,senang
Bahkan penduduk desa mengadakan pesta untuk merayakan kemenangan Caadara.,senang
"Setibanya di Desa Kramuderu, Panglima Wire menyambut mereka dengan hangat.",senang
"Caadara dengan senang hati memenuhi permintaan penduduk desa itu. Malam itu, mereka berpesta namun tetap waspada.",senang
"Setelah menunggu beberapa lama, tiba-tiba pancingnya bergerak-gerak. ""Asyik... umpanku kena!"" teriaknya kegirangan.",senang
"Akhirnya setelah menunggu bertahun-tahun, Raja mendapat kabar bahagia bahwa permaisurinya telah hamil.",senang
Towjatuwa bahagia sekali. Ia memeluk istrinya dan menggendong bayinya dengan mesra. Tak lupa ia berterima kasih pada Watuwe.,senang
"""Benarkah?"" tanga Towjatuwa dengan girang. Wajahnya terlihat berseri-seri.",senang
"""Aku akan menamainya Narrowa. Apakah kau setuju, istriku?"" tanya Towjatuwa sambil menoleh pada istrinya. Dengan tersenyum, istrinya mengangguk setuju.",senang
"Putri Serindu tersenyum, ia amat bahagia sudah menemukan calon suaminya yang tepat Putri Serindu mengumumkan siapakah yang menjadi pemenang sayembara itu.",senang
"Akhirnya Putri Serindu menemukan tambatan hatinya, Baginda Raja Jungur dan permaisurinya sangat gembira.",senang
Diadakanlah pesta pernikahan yang megah dan meriah yang dilangsungkan selama tujuh hari tujuh malam dan mereka hidup bahagia selamanya.,senang
Toba sangat gembira karena ternyata ada ikan besar yang tersangkut. Ikan itu mempunyai sisik sangat indah berwarna keemasan.,senang
"""Sebagai balas budiku, aku bersedia menikah denganmu, "" kata Putri itu. Tentu saja Toba sangat senang.",senang
Penduduk desa bersukacita menghadiri acara itu.,senang
Derai tawa dari sebuah rumah di daerah Tobelo mewarnai pagi itu.,senang
O Bia Mokara tertawa gembira. Hatinya senang karena perutnya telah kenyang. Ia pun kembali bermain bersama kakaknya,senang
"""Ibu pulang! Hore...,"" teriak O Bia Moloku menyambut sang ibu. Sang Ibu tersenyum kelelahan melihat tingkah anak-anaknya.",senang
"Dengan penuh kasih, disusuinya anak bungsunya itu. Sambil menyusui, ia bersenandung.",senang
"Ia sangat gembira, dan langsung memasukkan Ikan tersebut ke dalam keranjang Ikan. Ia pun segera bergegas pulang kerumah dan membayangkan memakan Ikan yang lezat.",senang
"Akhirnya, mereka di karuniai seorang Bayi Laki-laki. Bayi Laki-laki tersebut diberi nama Samosir. Kehadiran Samosir membuat mereka semakin bahagia.",senang
Sang anjing tersenyum bahagia karena dia telah menemukan makanan,senang
"‘’ Siapapun di antara kalian yang akan menikah dengan Pangeran, itu akan membuat ibu sangat bahagia, keluarga kita akan menjadi terpandang.’’ Ujar ibu tirinya menengahi kedua anaknya.",senang
"Sementara kakinya, ada sepasang sepatu kaca yang sangat cantik. Cinderella menari-nari dengan sangat gembira",senang
"Mereka berdua berdansa dengan rasa bahagia. pangeran berkata, ‘’ Kamu adalah wanita yang selama ini saya cari.’’ Cinderella sangat bahagia dan lupa waktu.",senang
Sesampainya ia di istana. Pangeran menyambutnya dengan gembira dan tersenyum. Cinderella dan Pangeran akhirnya menikah dan hidup sangat bahagia selama-lamanya,senang
Hasil Panennya Selalu Berlimpah Ruah. Mereka Tidak Pernah Hidup Kekurangan.,senang
Raja Babi sangat senang karena tidak ada yang sanggup melawannya.,senang
Penonton bersorak riang dan tepuk tangan dari semua penonton.,senang
"Suatu hari, tinggallah sebuah keluarga Kambing, yang terdiri dari Induk Kambing dan ketiga anaknya. Mereka tinggal di sebuah desa yang jauh dari keramaian. Keluarga tersebut sangat bahagia.",senang
"Mendengar nyanyian tersebut, ketiga anaknya sangat senang dan segera membukkan pintu.",senang
"Mendengar nyanyian tersebut, ketiga anaknya sangat senang dan langsung membuka pintu secepat kilat.",senang
Sang Induk sangat senang melihat kedua anaknya.,senang
Serigala sangat senang mendapatkan mangsa yang lezat,senang
Dengan semangat ia melipat kedua tangannya di dada dan menutup kedua matanya.,senang
"‘’ Hahaa, selamat tinggal Serigala yang bodoh.’’ kata sang Ayam yang senang karena berhasil meloloskan diri dari cengkraman Serigala.",senang
Kuda akhirnya kembali ke rumah petani. la hidup bahagia selamanya.,senang
Orang yang dianggap sakti itu disambut gembira oleh rakyat Jambi.,senang
"Penduduk sangat gembira, karena berhasil menemukan raja Jambi yang sakti, ""Akhirnya kita mempunyai seorang Raja yang sakti dan mampu memimpin negeri ini!"" ujar salah satu penduduk girang.",senang
Raja amat senang mendengar rencana ibunya.,senang
"Karena kebaikan hati keduanya, orang-orang pun menyenangi suami istri itu.",senang
Tak terkirakan gembiranya suami istri itu mendapati keajaiban yang mereka alami.,senang
Warga seketika bersuka cita mendapati air yang telah lama tidak mereka temukan waktu itu muncul berlimpah ruah dari mulut patung landak.,senang
Pak Inda sangat gembira ketika metihat bubunya. Sangat banyak ikan yang terjebak di dalam bubunya.,senang
dengan hati senang Pak Inda lalu kembali ke rumahnya.,senang
Masyarakat Kelekak Remban bersuka cita setelah mengetahui telah tewasnya Garude di tangan Putri Pinang Gading.,senang
Kedua anak itu benar-benar gembira mendapati diri mereka berada di ketinggian yang membuat keduanya dapat memandang daerah-daerah yang luas.,senang
Paga hidup berbahagia bersama Si Biru dan puluhan bekas perompak yang kesemuanya telah dianggapnya sebagai sahabat.,senang
"Pada saat bersamaan, seorang gadis bisu dan tuli tertawa terpingkal-pingkal melihat tingkah Jack.",senang
"Akhirnya, Jack dan istrinya hidup bahagia selamanya.",senang
"la pun kembali menjalankan tugasnya sebagai raja dengan perasaan tenang dan bahagia, karena tidak ada lagi yang akan menggantikannya.",senang
I Manyambungi yang selalu tersenyum sambil menatap Puang Mosso dengan mata berkaca-kaca,senang
Seluruh warga menyambut kemenangan itu dengan sangat gembira.,senang
Si raksasa begitu gembira mendapat persembahan putri sesuai janji Kera Hitam.,senang
"Putri Kesupuk, Kera Hitam, dan segenap ka wanan kera bergembira mendapati si raksasa telah mati.",senang
Putri Kesupuk kemudian dinikahkan dengan Sang Pangeran. Keduanya hidup rukun dan bahagia.,senang
Mendengar kabar tersebut Raja dan Permaisuri sangat bahagia.,senang
Raja dan Permaisuri sangat memanjakan Rohib. Mereka membesarkan Rohib dengan penuh kasih sayang.,senang
Sang Raja sangat senang melihat anaknya dapat bertanggung jawab dan menghilangkan sikap manjanya.,senang
Rohib sangat senang dan berterima kasih kepada Tikus dan mengira bahwa Tikuslah yang paling berjasa dalam mencari Mentiko Bertuah.,senang
Sang Raja sangat sayang dengan dua anjing itu.,senang
"Selama masa pemerintahannya, rakyat hidup dengan damai dan aman.",senang
"Namun, kedatangan Pangeran Suta membuat mereka kembali bersemangat.",senang
"Mendengar permintaan tersebut, Pangeran Suta sangat senang.",senang
"Pangeran Suta dan Putri hidup sangat bahagia. rakyat pun kembali aman, damai dan makmur.",senang
Waktu terus berjalan. Kehidupan keluarga Jafar Sidik terlihat rukun dan damai.,senang
Ayahnya sangat menyayanginya. Segala keinginan Manuella selalu dipenuhi.,senang
Ayahnya tertawa sambil memeluk Manuella dengan penuh kasih sayang.,senang
Mereka membawa kain-kain yang terindah. Manuella sangat gembira.,senang
"Manuella sangat puas melihat gaun barunya. Segera dikenakannya gaun itu, lalu menari-nari di depan kaca.",senang
Raja ini memerintah sebuah kerajaan kecil yang damai.,senang
Dia sangat cantik dan diberi nama Suzume. Kakek sangat menyayanginya.,senang
Kakek senang sekali bisa menemukan Suzume,senang
Sejak saat itu nenek tidak pernah lagi mengeluarkan kata-kata kasar dan selalu berlaku baik pada orang lain. Dan mereka berdua hidup bahagia selamanya.,senang
Raja tersenyum senang dan mengangguk-angguk.,senang
"Saat dia pulang, ibunya yang melihat kedatangannya dengan gembira menyambutnya dan bertanya",senang
Anak Raja menjadi jatuh hati pada putri termuda dan beranggapan bahwa putri termuda sangat pantas menjadi istrinya.,senang
"Putri termuda kemudian menceritakan semua kisahnya, dan anak Raja tersebut menjadi bertambah kagum akan kebaikan hati dan kesopanan tutur kata putri termuda.",senang
Hari itu menjadi hari yang penuh kegembiraan dan Safia pergi berterima kasih kepada wanita bijaksana yang tinggal di rongga pohon.,senang
"Upacara pernikahan Safia dan pangeran selama 7 hari 7 malan, akhirnya Safia dan suaminya hidup bahagia selamanya.",senang
Mulanya aku ingin tertawa mendengar ucapannya.,senang
Monster-monster kecil berkejar-kejaran. Monster-monster yang lebih besar bercanda dengan riangnya.,senang
Tampaknya ia senang sekali melihat wajahku yang pucat terkejut.,senang
Ia tersenyum sambil mengulurkan sebuah kantung plastik,senang
"Putri raja menjadi sangat senang melihat mainannya kembali, dan dia mengambilnya dengan cepat dan lari menjauh.",senang
sekarang rantai tersebut telah terputus karena hatinya sangat berbahagia melihat sang Pangeran terbebas dari kutukan.,senang
"Gadis tersebut begitu senangnya, dia mengambil kantong-kantong uang tersebut dan segera pulang kerumahnya.",senang
"Gadis itu kemudian pulang ke rumahnya dengan kantongan yang penuh dengan uang, akhirnya menikah dengan orang yang sangat kaya dan hidup bahagia setelahnya.",senang
Maka Akim pun dengan senang hati pergi dengan mereka.,senang
"Ketujuh gadis itu pulang dengan hati puas, karena telah berhasil menjalankan rencananya.",senang
Betapa gembiranya mereka sekeluarga karena telah lepas dari kemiskinan.,senang
"Dahulu kala ada seorang wanita tua yang sangat-sangat gembira dan selalu penuh dengan sukacita, walaupun hampir tidak memiliki apa-apa, dan dia sudah tua, miskin dan tinggal sendirian.",senang
“Ya ampun!” teriaknya dengan terkagum-kagum. “Penuh dengan emas. Betapa beruntungnya saya!”,senang
Raja gembira mendengar putrinya berbicara.,senang
Ia begitu terpesona melihat patung wanita cantik berpakaian indah tersebut.,senang
maka pesta pernikahan akbar pun digelar selama 40 hari 40 malam.,senang
Jhi Ge Phu terpesona dengan pemandangan di depannya.,senang
"Jhi Ge Phu sangat gembira, dia pun menghampiri putri Naga yang tidak bisa berpura-pura lagi.",senang
Raja sangat terpesona melihat keindahan rumah Jhi Ge Phu dan memutuskan untuk singgah.,senang
aja semakin terpesona melihat bahwa Jhi Ge Phu memiliki istri yang sangat cantik.,senang
Dia bergegas masuk ke aula tempat Jhi Ge Phu berada dan dengan ceria menebarkan senyum padanya.,senang
Raja gembira melihat putri berubah ceria.,senang
Di sanalah mereka hidup bahagia selamanya.,senang
"Sang Raja sangat senang dengan hal ini, dan memerintahkan agar sejumlah besar uang diberikan kepada nelayan tersebut.",senang
"Jawaban tersebut membuat sang Raja sangat senang tidak terhingga, dan memberikan lagi nelayan terseut sejumlah besar uang.",senang
Hati Pak Kosim berbunga-bunga karena ia sudah berhasil menyeselaikan tugas dari Raja.,senang
Pak Kosim mendapat sekantung uang emas. Ia pulang ke rumahnya dengan amat gembira.,senang
"Keesokan harinya, dia bangun seperti biasa, dengan gembira dia menengok ikannya yang ada di sumur kecil dan pergi untuk bekerja lagi.",senang
Semua yang melihat wanita itu menjadi kagum dan terpana oleh kecantikannya,senang
"Saat Padishah melihat wanita yang sangat cantik jelita itu, dia langsung jatuh cinta, dan bertujuan untuk menikahinya.",senang
Dengan gembira mereka cepat-cepat menyampaikan ke istana bahwa tempat tersebut telah di bangun.,senang
Anak lelaki itu berwajah cerah dan tersenyum lebar.,senang
"“Saya tida meminta apapun,” jawabnya “saya senang bisa berbuat sesuatu untuk negara.”",senang
"Gembira karena merasakan muatannya telah berkurang sehingga beban yang dibawa menjadi lebih ringan, sang Keledai merasa sangat gembira ketika mereka melanjutkan perjalanan mereka.",senang
"Raja sangat bahagia, ia mengadakan pesta dan mengundang kerajaan sahabat serta seluruh rakyatnya.",senang
"Di halaman istana, bunga-bunga mulai bermekaran dan burung-burung berkicau riang. Pangeran terkesima melihat hal itu.",senang
"Ketika melihat sang Putri dalam keadaan sehat, Raja dan Permaisuri sangat bahagia.",senang
Semua menyambut gembira ajakan si pemuda.,senang
Pemuda itu kagum akan kejujuran kedua anak tersebut.,senang
Seluruh penduduk desa menyambut gembira.,senang
"Karena gembira, Salampandai mengundang Ikot Rinding bermalam di rumahnya.",senang
Raja dan ratu sangat menyayanginya seperti anak kandung sendiri.,senang
Raja sangat takjub mendengarkan cerita ketangkasan Ikot Rinding. Ia sangat bahagia karena putra kesayangannya selamat.,senang
Sepasang kekasih itu tak hentinya mengucap syukur pada Jubata. Dan keduanya hidup bahagia sampai masa tua mereka.,senang
Langit ditaburi bintang dan bulan yang bersinar indah. Senang sekali rasanya melihat keindahan malam dari ketinggian.,senang
"Bulan merasa senang, lalu katanya kepada bintang-bintang,”Lihat, teman-teman. Mereka mengagumiku.”",senang
Aduhai alangkah cantiknya ia. Bahkan burung-burung pun terpesona memandangnya.,senang
"“Ah alangkah bahagianya kedua ikan ini. Mereka pastilah sepasang kekasih yang saling mencintai. Sebentar lagi akupun akan sebahagia mereka,” pikir Putri sambil tersenyum kecil.",senang
"“Kalau begitu, sebentar lagi akan ada pesta besar donk! Asyiiiiik.,” seru Dayang-dayang.",senang
Berbagai jenis burung dan serangga hidup dengan riangnya.,senang
Datu Awang Sukma sangat mengagumi kecantikan Putri Bungsu.,senang
Ia merasa bahagia berada di dekat seorang yang tampan dan gagah perkasa.,senang
Kehidupan keluarga Datu Awang Sukma sangat bahagia.,senang
Pangeran dan Puteri Rauna sangat bahagia,senang
Istana yang dipenuhi kelembutan hati dan kebahagiaan.,senang
Seluruh penghuni hutan menyambutnya gembira,senang
Dengan gembira Obi Kerbau pulang ke rumahnya.,senang
"Sesampainya di rumahnya, Putri Melati Wangi disambut gembira oleh keluarganya yang mengira Putri Melati Wangi sudah meninggal dunia.",senang
"Setelah menikah, Putri Melati Wangi dan Pangeran Tanduk Rusa hidup berbahagia sampai hari tuanya.",senang
Gadis selalu terpesona mendengarnya.,senang
Penduduk kota bersorak gembira. Raja tak kurang pula gembira hatinya,senang
Sudah barang tentu semua orang menyambut dengan gembira berita besar itu.,senang
Sang istri dengan gembira larut dalam keramaian di situ.,senang
Sultan Alam gembira sekali mendengar berita dari Elang Raja.,senang
Mereka akan terus berusaha dan bersemangat.,senang
Tetapi mereka tetap bahagia dengan apa yang di berikan oleh Tuhan Yang Maha Esa,senang
Sang kera sudah berada di atas pohon sawo dengan wajah berseri.,senang
"“Hai kura-kura, tidakkah kau lihat pisangmu telah masak di pohon,” tanya kera bersemangat.",senang
Hou I sangat senang mendapatkan pil tersebut.,senang
Sebaliknya ia selalu riang dan dan tersenyum ramah kepada siapapun.,senang
"Baiklah, kuberi nama ia Kemuning.!” kata raja dengan senang.",senang
"Dengan semangat yang menyala, ia ingin segera menyampaikan berita gembira kepada ibunya, bahwa ia telah membawa gadis cantik calon istrinya.",senang
Si Bungkuk merasa bahagia bersahabat dengan si Buta.,senang
Tentu saja si Buta sangat gembira mendengar hal itu.,senang
“Aku bisa melihat!” teriaknya kegirangan.,senang
Mereka sangat bangga akan kemampuan larinya.,senang
"Mendengar jawaban dari emaknya, si Lancang meloncat-loncat kegirangan.",senang
Betapa senangnya hati emak si Lancang saat mendengar kabar anaknya datang.,senang
". “Oh, akhirnya pulang juga si Lancang,” seru emaknya dengan gembira.",senang
"Hatinya yang tadi sudah kesal berubah menjadi gembira, Karena dia tahu bahwa ikan yang menyambar pancingnya itu adalah ikan yang besar.",senang
. Sambil tersenyum gembira mata pancingnya dia lepas dari mulut ikan itu.,senang
Perasaannya gembira sekali karena belum pernah dia mendapat ikan sebesar itu.,senang
Lelaki itu menjadi sangat terpesona karena wajah perempuan yang berdiri dihadapannya luar biasa cantiknya.,senang
"Syukur anak pertamaku sudah lahir,” kata ayahnya dengan gembira.",senang
Bang Sarba senang sekali mendengar akan dapat anak lelaki.,senang
Dengan gembira dukun memasukkan isi salam itu ke dalam kantong bajunya.,senang
"Orang-orang kaya, tuan-tuan tanah, serta pejabat pemerintah jajahan merasa gembira melihat Jampang telab dipenjara.",senang
Dia ikut menyaksikan hidangan seni berupa musik dan tari-tarian yang menyenangkan.,senang
Mereka tinggal di sebuah desa di dekat hutan. Mereka hidup bahagia.,senang
Suami istri itu sangat bahagia. Mereka memberi nama bayi itu Timun Mas.,senang
Timun Mas tumbuh menjadi gadis yang cantik. Kedua orang tuanya sangat bangga padanya.,senang
ayah dan Ibu Timun Mas senang sekali melihat Timun Mas selamat.,senang
"Mereka menyambutnya. “Terima Kasih, Tuhan. Kau telah menyelamatkan anakku,” kata mereka gembira.",senang
Sejak saat itu Timun Mas dapat hidup tenang bersama orang tuanya. Mereka dapat hidup bahagia tanpa ketakutan lagi.,senang
"Akan tetapi, mereka bangga mendapat menantu yang sangat tampan, apalagi seorang raja.",senang
Rakyatnya pun hidup damai di bawah pimpinan raja yang bijaksana.,senang
"Raja dan Ratu sangat menyayangi keduanya, meski sebenarnya kedua gadis itu memiliki status sosial yang berbeda.",senang
Anteh senang menyaksikan bunga-bunga yang bermekaran dan kupu-kupu saling berebut bunga.,senang
Dia mulai bersenandung dengan gembira.,senang
Dia tepesona mendengar suara yang begitu merdu.,senang
“Dan aku jatuh cinta padanya. Aku ingin dialah yang jadi istriku.”,senang
Putri Endahwarni juga tampak senang melihat calon suaminya yang sangat gagah dan tampan.,senang
“Benarkah? Oh paman akhirnya aku menemukan keluarga ibuku!” kata Anteh dengan gembira.,senang
Orang makin senang. Mereka tertawa-tawa.,senang
Dia senang mandi sepuas-puasnya di tepian itu setelah selesai mencari makan dan kenyang perutnya.,senang
Awang Sukma terpana oleh irama sulingnya.,senang
"Selain itu, Mirah juga tertarik pada ilmu silat.",senang
Asni justru senang menghadapi pendekar wanita yang mengamuk.,senang
Mereka telah menjadi pasangan suami istri yang berbahagia dan tinggal di Kemayoran sampai tua.,senang
Berita itu diterima dengan gembira oleh kebanyakan isi istana,senang
Purbasari keluar dari gubuk dengan gembira.,senang
"Dalam kegembiraannya, Purbasari tidak putus-putusnya mengucapkan syukur kepada Kahyangan yang telah mengasihinya.",senang
Ia terpesona oleh keindahan pakaian yang dilengkapi perhiasan-perhiasan yang indah.,senang
Lutung Kasarung sendiri terpesona.,senang
Ibunya sangat terluka mendengar ucapan putrinya,sedih
Semakin terluka hati ibunya mendengarnya.,sedih
"Sang Raja merasa gundah, karena negeri tetangga sangat kuat.",sedih
"Mereka berpegangan tangan dengan sedih, karena sebentar lagi akan berpisah dengan adik bungsu mereka.",sedih
Mereka berpelukan sambil menangis.,sedih
"Dengan perasaan sedih, Kakak Sulung dan Kakak Tengah meninggalkan si bungsu.",sedih
Kepada adiknya ia menceritakan bahwa kakak mereka telah tiada.,sedih
Si Bungsu menangis tersedu-sedu.,sedih
Adik Bungsu kembali menangis tersedu-sedu.,sedih
"Namun, ia sangat terpukul, karena dilihatnya ketujuh puterinya telah meninggal dunia, karena kelaparan.",sedih
Ratu Cik Sima tak kuasa menahan sesal dan kesedihan atas kehilangan putri-putrinya.,sedih
Ia juga menjelaskan bahwa ayahnya meninggal dunia karena mempertaruhkan nyawanya dalam pertaruhan sabung ayam.,sedih
Pendekar Katung mengalami kekalahan. Ayamnya mati.,sedih
Suri meninggal dunia. Hancur hati Bujang Kelana menyaksikan kekasih hatinya pergi selama-lamanya.,sedih
Ibu Bawah Putih meninggal dunia karena sakit.,sedih
Bawang Putih dan Ayahnya sangat sedih dengan kejadian ini.,sedih
"Setelah ibunya meninggal, kini ayahnya pun meninggal karena sakit.",sedih
Bawah Putih sangat sedih.,sedih
Karena ia menjadi yatim piatu dan yang membuat ia sangat sedih,sedih
Bawang Pusih sangat sedih dan ia berjalan menyusuri aliran sungai.,sedih
Di perkampungan Aia Manih ibu Malin Kundang terus menunggu kedatangan anaknya.,sedih
"Tak terkirakan kepedihan hati Mande Rubayah, mendapati perlakuan keji anak kandungnya.",sedih
Cinderella lari ke kebun dan menangis.,sedih
Kleting Kuning menyatakan kesediaannya.,sedih
ia cemas dan sedih jika teringat janjinya pada raksasa itu.,sedih
"Mbok Sirni memeluk Timun Mas sambil menangis, ""Berdo'alah terus anakku.""",sedih
Sang domba itu menyesali perbuatannya dan domba kecil itupun berjanji tidak akan mengulanginya.,sedih
Kambing itu tidak terlihat menyesal dengan perbuatannya malah dia mencoba melepaskan diri dari pasak itu dengan menarik-narik pasak itu.,sedih
Rubah itu sadar bahwa itu hanyalah bayangannya rubah itu menysesal atas apa yang dilakukannya tadi.,sedih
Candra Kirana meninggalkan istana dengan hati terluka.,sedih
Putri penggiling gandum langsung menangis terseguk-seguk di dalam gudang yang berisi tumpukkan jerami.,sedih
Ratu memohon dan menangis agar Kurcaci tersebut tidak membawa putrinya.,sedih
Apakah namamu Balthazar? Jawab Ratu sedih.,sedih
Ulat bulu pun keluar dari sarang kelinci sambil tersipu malu.,sedih
Mereka merasa bersalah karena telah berkelahi hanya karena sebuah kue.,sedih
"Akhirnya, Juan dan Raul saling peluk dan saling meminta maaf.",sedih
Raja pun menahan rasa malunya. Ia pun segera kembali ke istana dengan perasaan sedih.,sedih
Raja Badak pun sedih memikirkan nasib rakyatnya.,sedih
"Walaupun ia hidup bergelimang harta, tapi ia sangat kecewa pada anaknya yang pemalas dan bodoh.",sedih
"Suatu hari, sepulang dari mencari makanan, burung unta mendapati dua anaknya hilang entah ke mana. la menangis mencari-cari anaknya.",sedih
"Suatu kali, setelah tiga hari berburu dan persediaan makanannya menipis, Sergevan belum mendapatkan seekor rusa pun.",sedih
Buaya pun menyerah dan berjanji tidak akan mengincar monyet lagi.,sedih
Raja menangis melihat Putri kesayangannya kini tidak dapat bergerak.,sedih
Tigran pun pulang dengan sedih.,sedih
la sedih sekali mengetahui burung kecil telah dimakan neneknya.,sedih
"sambil menangis, Elonen pergi dari rumah.",sedih
"Sementara itu, nenek sangat kehilangan Elonen. la pergi mencarinya sampai jauh.",sedih
Akhirnya nenek Elonen pulang dengan sedih. la menyesal telah memasak dan memakan burung milik Elonen.,sedih
Mendengar yang di katakan hewan-hewan yang lain membuat sang ibu merasa sedih.,sedih
"Melihat Anjing yang berlari menjauhinya, ia merasa semakin sedih karena Anjing pun takut melihatnya.",sedih
Dengan perasaan sangat sedih ia pun melanjutkan perjalanan.,sedih
‘’ Aku sedih karena aku jelek dan tidak bisa seperti kalian.’’ Jawab Itik abu sedih.,sedih
"Hancurlah hati kedua orangtua sang anak. Dengan berucuran air mata, mereka meninggalkan kapal sang anak. Ibunya tak kuasa menahan sedih dan sekaligus amarahnya.",sedih
Ibu Dempu merasakan hatinya pedih bukan kepalang. la tidak menyangka anak kandungnya tidak mengakuinya sebagai ibu.,sedih
"Kapal yang di naiki Malin semakin jauh, ibunya terus melambaikan tangan sambil menangis.",sedih
Hati ibunya sangat terluka mendengar ucapan anaknya itu. Ia berusaha terus menyakinkan Malin bahwa dirinya adalah ibunya.,sedih
“Hu huuuu huuu.” tangis Malin Kundang sambil memegangi lengannya yang berdarah.,sedih
"Bunda menangis tersedu-sedu sambil bersimpuh di bawah kapal. ""Malin anakku... jangan kau tinggalkan Bundamu lagi, Nak... Bunda sangat merindukanmu.",sedih
Baginda Raja menyesali perbuatannya dulu,sedih
"Karena cemas melihat kondisi istrinya yang kesakitan itu, Towjatuwa menggendong istrinya ke rumah tetangga yang biasa membantu orang melahirkan.",sedih
"Putri Serindu memeluk ibundanya, ia kemudian berkata, ""Maafkan Ananda, lbunda. Karena telah membuat lbunda dan Ayahanda sedih dan bingung.",sedih
"Ibunya, putri jelmaan ikan itu pun sangat sedih.",sedih
"Nenek itu kembali ke tempat tidur. la sangat sedih, karena anak dan menantunya tidak ingat kepadanya.",sedih
"Si nenek sangat sedih, air matanya berlinang. Dalam kesedihannya, ia berdoa kepada Tuhan.",sedih
"O Bia Mokara mulai merengek karena lapar. Sambil menangis, ia menarik tangan kakaknya ke dapur dan menunjuk telur ikan.",sedih
"Tapi O Bia Mokara menolak, tangisnya semakin keras terus merengek meminta telur ikan.",sedih
O Bia Moloku dan O Bia Mokara hanya dapat menangisi kepergian ibunya. Kedua anak itu menyesal telah membuat ibu mereka marah.,sedih
"‘’ Maafkan aku ayah! Di tengah perjalanan tadi. Tiba-tiba perutku lapar, dan memakan sebagian makanan untuk Ayah.’’ Jawab Samosir merasa bersalah.",sedih
Raden Budog sangat kecewa karena tidak dapat berjumpa dengan gadis impiannya,sedih
Putri terus tersedu-sedu. Ia kecewa karena tak bisa menjaga kecantikannya.,sedih
Ratu menangis. Ia menyesali perkataan putrinya yang diucapkan secara sembrono.,sedih
"Namun, matanya menitikkan air mata. Tanda bahwa ia amat menyesal.",sedih
"Aladin menjadi sedih dan duduk termenung."" Aku lapar, dan aku ingin bertemu dengan ibu."" Ucap Aladin.",sedih
"Si kakak menyesal tidak menuruti pelaut. Kini, ia hanya bisa menggigit jari melihat adiknya naik perahu dengan pelaut.",sedih
"Seharusnya aku tidak terpengaruh kata-kata tetanggaku,"" kata gembala menyesali diri.",sedih
Gadis durhaka itu hanya menangis dan menagis menyesali perbuatannya.,sedih
Gadis itu menangis memohon ampun kepada ibunya,sedih
"Orangtua Putri Pukes sangat bersedih, tetapi mereka harus melepas anaknya itu pergi.",sedih
"Pada siang hari, ketiga anaknya menunggu sang Induk kembali kerumah. Namun, yang di tunggu pun tidak datang.",sedih
ia merasa sangat sedih karena mereka sudah di tangkap oleh Serigala.,sedih
Singa dan Beruang sangat sedih.,sedih
Mereka pun sangat menyesali pertengkaran mereka tersebut.,sedih
Kuda pergi dengan sedih.,sedih
Si gadis bungsu hanya bisa menangis sedih.,sedih
Putri Aji Bedarah Putih sangat sedih mendapati kekuatan pendukungnya mampu diporakporandakan para prajurit Cina.,sedih
Putri Aji Bedarah Putih kesulitan menemukan cara untuk mengalahkan para prajurit Cina itu. Ia hampir putus asa.,sedih
Ia bahkan menangis karena sudah sangat lapar.,sedih
"Setelah keduanya duduk di atas batu kuyung, mereka pun mendendangkan lagu kesedihan.",sedih
Suami istri itu akhirnya hanya bisa berlutut dan sangat menyesal karena tidak memenuhi permintaan makan anak mereka sebelumnya.,sedih
Si murid pun meminta maaf atas kebodohannya,sedih
permaisuri tidak henti-hentinya menangis melihat anaknya harus hidup seorang diri di luar sana.,sedih
Papuq Mame dan Papuq Ki Ne merasa sedih hidup sebagai tikus.,sedih
"Mendengar keempat Raja tersebut membuat kekacauan dan membuat rakyat resah, Raja Sultan Hasan sangat sedih dan gelisah.",sedih
Keempat Raja yang sangat sombong tersebut pulang ke negerinya dengan menanggung rasa malu karena kekalahan.,sedih
Si bidadari bungsu hanya bisa bersedih hati meratapi nasib malangnya.,sedih
Air matanya bercucuran ketika melihat enam kakaknya terbang kembali ke Kahyangan.,sedih
Empat anaknya hanya bisa menatap kepulangan ibu mereka itu dengan tangis sedih.,sedih
"Semakin jauh tubuh ibu mereka, semakin kerns tangisan empat anak itu.",sedih
Mereka selalu membantah perkataan emaknya dan membuat Mbok Minah sedih dan menangis.,sedih
Mak Minah sering menangis dan meratapi dirinya.,sedih
Mbok Minah mendatangi Batu Batangkup dengan perasaan sangat sedih.,sedih
‘’ Wahai Batu yang dapat bicara. Saya sudah tidak sanggup hidup dengan kedua anak yang sudah durhaka kepada orang tuanya. Kedua anak yang tidak pernah mempedulikan keberadaanku dan tidak pernah menghormati orang tuanya. Aku mohon. Tolong telanlah aku sekarang juga.’’ Kata Mbok Minah menangis.,sedih
Mbok Minah merasa sangat sedih karena kejadian sebelumnya terulang kembali.,sedih
"Keesokan harinya, mereka mendatangi Batu Batangkup dan kembali menangis dan memohon agar emaknya di keluarkan kembali.",sedih
"Setibanya dirumah, istri Kasim menangis sejadi-jadinya",sedih
"ia menangis menyesali segalanya, tapi sudah terlambat.",sedih
"Ia menangis dan menjerit-jerit, tapi tak seorang pun mendengarnya.",sedih
"Ketika ia melihat ayahnya berdiri tepat di bawahnya, ia berusaha berteriak sekuat tenaga, tapi ayahnya tak dapat mendengar suaranya dan ia mulai menangis, air matanya menetes dan jatuh ke kepala ayahnya.",sedih
"Sang ayah telah putus asa, dan ia berhari-hari hanya duduk di depan jendela",sedih
"Ibunya menangis, tapi kemudian berkata, “Tuhan akan menolongmu, Nak. Mati dan hidup manusia ada di tangan Tuhan!”",sedih
"Suzume hanya bisa menangis menahan sakit, dan terbang jauh ke arah hutan.",sedih
"Teman-temanku bilang, wajahku terlalu tampan dan tidak cocok menjadi monster!” ia lalu menangis tersedu-sedu.",sedih
"Putri raja tersebut mulai menangis, dan terus menangis seolah-olah tidak ada hyang bisa menghiburnya lagi.",sedih
saya menangis karena bola emas saya tergelincir dan jatuh kedalam sumur.,sedih
Kemudian putri Raja tersebut mulai menangis membayangkan kodok yang dingin tersebut tidur di tempat tidurnya yang bersih.,sedih
"Oh, celakalah anakku,” kata ayah Akim dengan sedih.",sedih
"Saya telah kehilangan semua yang saya miliki, uang, ladang, kuda, anak-anakku!",sedih
Putri Bisu yang juga mendengarkan cerita Bulbul sangat kecewa karena mereka melupakan peran Jadgji,sedih
"Jhi Ge Phu sangat sedih. Namun apa mau dikata, semua sudah suratan takdir.",sedih
Jhi Ge Phu sangat sedih karena yakin tidak akan mampu memenuhi tantangan tersebut.,sedih
Jhi Ge Phu dengan sedih melihat istri yang dicintainya dibawa pergi.,sedih
Saat itu nelayan tersebut berlutut pada kedua kakinya dan menangis,sedih
"Ketika si Pelit menyadari kehilangan hartanya, dia menjadi sangat sedih dan putus asa.",sedih
Lalu anak nelayan itu pulang ke rumah dengan hati sedih dan menangis.,sedih
. Selanjutnya anak nelayan itu pulang dan menangis sedih kembali.,sedih
Kita harus menguburkannya dengan layak!” kata kapten dengan penuh duka.,sedih
Raja dan permaisuri menangis sedih.,sedih
Irene sangat khawatir sampai lututnya tak mampu menyangga tubuhnya hingga ia jatuh terduduk.,sedih
Betapa sedih hati Ikot Rinding mendengar cerita itu.,sedih
"Tetapi, kemudian ia kecewa. Sepanjang hari ia di sana, tak seorang pun menyapanya.",sedih
"“Hu hu, tak seorang pun menyukaiku. Bintang-bintang benar, Matahari lebih hebat dariku,” Bulan menangis sedih.",sedih
"“Tidak, aku tidak mau! Tak seorang pun menyukaiku. Apa gunanya aku ada di sana?” sahut Bulan sedih.",sedih
Putri menangis meratapi nasibnya yang malang.,sedih
Ia tak kuasa membayangkan kesedihan ayah dan bundanya.,sedih
"“Tuhan, lebih baik kau hukumlah aku. Hilangkanlah aku dari dunia ini. Aku tidak sanggup bertemu kedua orang tuaku lagi, “ ratap Putri.",sedih
Tinggal para dayang yang masih menangis keras mengerumuni seekor ular besar yang bergelung di atas batu besar.,sedih
Ular besar itu menoleh dan menjulurkan lidahnya. Dari kedua matanya mengalir air mata.,sedih
Pandangannya begitu memilukan seolah-olah hendak mengucapkan maaf dan selamat tinggal.,sedih
Datu Awang Sukma menap sedih dan bersumpah untuk melarang anak keturunannya memelihara ayam hitam yang dia anggap membawa malapetaka.,sedih
"Justru Puteri Rauna yang tersentak, lalu menangis memohon kepada ayah bundanya",sedih
Gadis itu paling merasa sedih jika ia berada di tempat gelap.,sedih
Namum bibinya sangat kasar kepadanya. Gadis amat sedih.,sedih
"Kadang-kadang, Gadis menangis sedih di bawah pohon itu. Ia merasa sendirian di dunia ini.",sedih
Hati Gadis sedih sekali. Ia tidak bisa berkata-kata. Air matanya mengalir deras.,sedih
Aku akan kehilangan satu-satunya teman yang kumiliki. Aku sedih sekali.,sedih
"Mendengar kata-kata suaminya itu, sang istri pun menyesal.",sedih
"Sultan Alam terpukul mendengar penderitaan rakyat dari kerajaan penyu, beliau sangat sedih atas kejadian tersebut.",sedih
"Kemudian bocah tersebut mulai meniup serulingnya, Sultan dan orang-orang di istana yang mendengar alunan seruling tersebut seketika mengalirkan air mata merasakan kesedihan yang mendalam dari alunan seruling tersebut.",sedih
Puteri Kuning sangat sedih melihatnya karena taman adalah tempat kesayangan ayahnya.,sedih
"Raja sangat sedih. “Aku ini ayah yang buruk,”",sedih
"Sekembalinya dari kali, Tongtonge sangat kecewa karena nangka itu telah dimakan oleh sang gadis",sedih
Ia ia tampaknya sedih sekali akan ditinggal oleh anak satu-satunya.,sedih
Hatinya hancur lebur diusir oleh anak kandungnya sendiri.,sedih
"Dengan hati sedih, wanita tua itu pulang ke gubuknya. Di sepanjang jalan dia menangis.",sedih
banjir itulah air mata si Lancang yang menyesali perbuatannya karena durhaka kepada emaknya.,sedih
"Sambil menangis, anak itu berlari pulang menemui ibunya di rumah.",sedih
"Mendengar cerita anaknya itu, si ibu sedih sekali, terutama karena suaminya sudah melanggar sumpahnya dengan kata-kata cercaan yang dia ucapkan kepada anaknya itu.",sedih
"Ciput menjawab sedih, bahwa Pak Sarba sudah meninggal dunia.",sedih
"Melihat sahabat suaminya datang, dia jadi sedih.",sedih
Jampang sedih. Lalu dia bertanya di mana si Abdih.,sedih
"Sebaliknya, rakyat kecil, para petani, dan mereka yang menderita amat sedih.",sedih
Rakyat kecil itu makin sedih ketika mendengar bahwa Jampang telah mendapat hukuman mati di Betawi.,sedih
Suami istri itu sedih atas kepergian Timun Mas.,sedih
Hanya keenam putrinya tidak habis-habisnya menyesali diri mereka.,sedih
Dia kecewa karena ternyata bukan gadis impiannya yang akan dinikahinya.,sedih
"Putri Endahwarni merasa cemburu, kecewa dan sakit hati.",sedih
Putri Endahwarni turun dari kereta dan langsung menangis memeluk Anteh.,sedih
Dia pun menangis sepanjang jalan menumpahkan kekesalan dan kejengkelannya.,sedih
“Aku malu sekali! Itu sebabnya aku menangis!” Itik itu menangis kembali seperti tadi.,sedih
Anak pipit sedih berada dalam kegelapan karena kera selalu mengatupkan mulutnya.,sedih
Ia memeluk dan mencium putrinya sepuas-puasnya sambil menangis.,sedih
Sedih hatinya karena nyamuk yang amat disayanginya hilang.,sedih
Alangkah sedih hati anak itu melihat ayam kesayangannya mati.,sedih
Asni dan Mirah amat sedih.,sedih
"Menghadapi masalah seperti itu, Prabu Tapa Agung sering bermuram durja.",sedih
Ditambahkan bahwa Guruminda tampak bermuram durja.,sedih
Ia pun duduk dibawah pohon dan menangis karena putus asa.,sedih
"Ketika mendengar berita yang menakutkan itu, Purbasari pun menangis.",sedih
Purbararang menangis dan minta maaf kepada Purbasari.,sedih
"Kabar kematiannya tiba-tiba tersebar dan sangat memilukan hati orang-orang yang mendengarnya, sehingga kabar itu sampai ke istrinya.",sedih
Aminah tampak menangis tersedu-sedu,sedih
"Aminah menangis dua kali, pertama ia menangis untuk dirinya sendiri dan kali ini ia menangis untuk anak yang ditinggal mati ayahnya sebelum ia sempat dilahirkan.",sedih
Ia menangis karena tidak menemukan makanan yang dapat dimakannya.,sedih
"Ia menangis karena kelaparan dan tidak mendapat air susu, baik dari air susuku maupun air susu unta yang dibawa oleh suamiku, sehingga kami tidak dapat memuaskan dahaganya.",sedih
"Di tengah-tengah malam, aku merasakan keputus asaan.",sedih
Beliau hidup beberapa hari bersama ibunya di mana si ibu merasakan kesedihan yang dalam atas kepergian ayahnya.,sedih
Mula-mula pikirannya terfokus pada keadaan yatim sambil ia mulai memperhatikan linangan air mata ibunya yang diam.,sedih
Muhammad bin Abdillah kini menjadi sendiri dan ia dalam keadaan menangis.,sedih
Anak kecil itu kembali ke Mekah dalam keadaan sedih dan ia tampak terpaku.,sedih
beliau merasakan kesedihan yang dalam; beliau sering menyendiri dan membuka matanya di hamparan pasir-pasir.,sedih
Namun hatinya yang besar dipenuhi dengan kesedihan yang lebih hebat dari kesedihan kakeknya Ibrahim.,sedih
"Ketika beliau menyaksikan orang-orang tersesat, maka kesedihannya semakin bertambah dan hatinya semakin tersentuh dan pikirannya semakin dalam.",sedih
"Rasulullah saw sangat sedih ketika kehilangan dua orang yang sangat berpengaruh dalam kehidupannya itu, bahkan para sejarawan menamakan tahun tersebut dengan tahun kesedihan.",sedih
"Meskipun demikian, beliau merasakan kesedihan yang mendalam melihat sikap kaumnya.",sedih
"Tiba-tiba, putrinya yang cantik terseret ke dalam lumpur.",terkejut
Tiba tiba saja ribuan buah bakau berjatuhan menimpa pasukan Pangeran Empang Kuala yang sedang beristirahat.,terkejut
"Tiba-tiba, seketika Datuk Buta muncul lagi di hadapan mereka.",terkejut
"""Ayah? Jadi, ayah masih hidup?""",terkejut
"Tiba-tiba, Suri berlari ke arah mereka. Tubuhnya penuh luka.",terkejut
"Tanpa sadar, salah satu baju ibunya hanyut terbawa arus sungai.",terkejut
Ia langsung terkejut karena di dalamnya berisi intan permata dan berlian sangat banyak.,terkejut
"Namun ternyata, yang keluar dari labu tersebut bukanlahh intan permata seperti yang meraka bayangkan. Melainkan ratusan dan puluhan kelabang, kalajengking dan ular berbisa.",terkejut
Hanya dirinya saja yang selamat ketika para perompak itu meninggalkan kapal dagang itu seraya membawa seluruh isi kapal dagang yang mereka rampok.,terkejut
"Sangat mengejutkan sekaligus membanggakannya, anak tercintanya pulang menaiki kapal milinya sendiri.",terkejut
Angin badai datang tiba-tiba dan menghantam kapal besar milik Malin Kundang itu.,terkejut
"Begitu kencang dan dahsyatnya angin badai itu menghantam, kapal besar lagi mewah milik Malin Kundang seketika itu hancur berantakan.",terkejut
"Setelah itu, perlahan-lahan tubuh Malin Kundang menjadi kaku hingga akhirnya menjadi batu.",terkejut
"Pada saat itu tiba-tiba, datang ibu peri.",terkejut
"Sangat mengejutkan, ketika Ande-ande Lumut mengetahui kedatangan Kleting Kuning, ia bergegas menyambutnya.",terkejut
Tak terkirakan keterkejutan orang-orang ketika melihat sosoknya yang sangat cantik.,terkejut
"Kleting Abang, Kleting Wungu, dan Kleting Biru benar-benar terperangah",terkejut
Kegemparan pun kian menjadi-jadi saat Ande-ande Lumut juga membuka jati dirinya.,terkejut
munculah makhluk raksasa penjaga sungai yang berwujud kepiting raksasa bernama Yuyu Kangkang.,terkejut
"Alangkah terkejutnya dia, buah timun itu berisi seorang bayi perempuan cantik dan bersih.",terkejut
"Ditebarnya biji itu, sungguh ajaib, hutan berubah menjadi ladang mentimun yang lebat buahnya.",terkejut
"Dalam hitungan detik, seketika terbentuklah lautan lumpur yang mendidih, raksasa terjebak di dalamnya ia tenggelam dalam lumpur panas itu dan akhirnya mati.",terkejut
"Namun ayam jago Cindelaras benar-benar luar biasa, semua bisa dikalahkan dalam beberapa gebrakan pertarungan saja.",terkejut
Raden Putra sangat terkejut melihat ayam jago kesayangannya terseok-seok kabur dari medan pertarungan.,terkejut
Raden Putra sangat terkejut mendengar kokok ayam Cindelaras yang aneh.,terkejut
dia terkejut melihat seekor Domba kecil tertinggal dari kawanannya.,terkejut
dia kaget ketika pintu kandang dibuka ternyata kambing besar itu melepaskan diri dari patok yang mengikatnya.,terkejut
Dalam waktu sekejap Candra Kirana yang cantik rupawan berubah wujud menjadi keong mas.,terkejut
"Namun alangkah terkejutnya si nenek ketika sampai di rumah, dia melihat bebagai hidangan tersaji di meja makannya.",terkejut
"Beberapa saat mengintip, si nenek di kejutkan dengan pemandangan mengherankan yang terjadi didalam gubugnya.",terkejut
Si kakek lalu meraih tongkatnya dan memukul tepat di kepala burung gagak. Seketika itu burung gagak berubah menjadi asap dan menghilang.,terkejut
"Sampai suatu hari, kabar bahwa putri seorang penggiling gandum dapat memintal jerami dan merubahnya menjadi emas terdengar sampai kerajaan.",terkejut
"Tiba-tiba, muncullah seorang Kurcaci di hadapannya.",terkejut
Putri penggiling gandum tersebut sangat terkejut.,terkejut
Putri penggiling gandum tersebut semakin terkejut melihat jerami benar-benar berubah menjadi emas.,terkejut
"Saat kelinci pulang ke sarangnya, ia kaget melihat jejak panjang mengarah ke sarangnya.",terkejut
Kelinci kaget mendengar jawaban itu.,terkejut
Koleksi bajunya pun sudah beribu-ribu.,terkejut
"Rakyat sangat terkejut melihat penampilan Raja .meskipun mereka terkejut. Namun, tidak ada dari mereka untuk berkata apa-apa.",terkejut
"Mendengar anak tersebut. Raja sangat terkejut, ia pun langsung melihat pada tubuhnya.",terkejut
"Raja sangat terkejut melihat bulu landak tersebut. Raja mengira, bulu tersebut adalah,benar-benar bulu dari Raja Badak. ",terkejut
Saudagar kaget dengan kecerdikan anaknya.,terkejut
"Paginya, saat Androcles bangun, ia kaget melihat singa membawa bangkai rusa hasil buruannya.",terkejut
Kaisar dan semua orang kagum oleh kecerdasan putra mahkota.,terkejut
Sang mertua heran bagaimana ketiga menantunya bisa begitu cerdas.,terkejut
Petani kaget melihat istrinya berada dalam lubang perangkap.,terkejut
Raja sangat terkejut dan menahan pelukan Putrinya tersebut.,terkejut
"Sebenarnya rusa terkejut mendengar jawaban Kulomang, tapi ia tertawa dalam hati.",terkejut
"Rusa terkejut setengah mati, ia heran bagaimana Kulomang bisa mendahuluinya?",terkejut
Matanya terbelalak ketika ia melihat Kulomang telah menantinya si situ.,terkejut
"Esoknya, petani kaget menemukan kendi di perapian. la membuka kendi itu dan isinya adalah uang perak yang banyak.",terkejut
"Esoknya, saat penduduk melihat keadaan Maldonado, mereka terkejut melihat Maldonado masih sehat dan bugar walau semalaman terikat.",terkejut
"Saat Tigran memegang ikan itu di tangannya, tiba-tiba ikan itu bicara.",terkejut
"Di perjalanan, muncul sesosok monster yang menunggangi sapi.",terkejut
"""Baiklah, kini waktunya aku pulang,"" kata anak muda itu. la pun Iangsung menghilang.",terkejut
mendengar berita tersebut para ikan sangat terkejut mereka percaya dengan kebohongan sang kuntul,terkejut
Sampailah mereka di sebuah rumah yang cukup besar dan mewah ketika mereka masuk sang kucing desa kaget dengan makanan di atas meja,terkejut
"Namun, ibu Itik sangat terkejut dari beberapa anaknya ada yang berbeda.",terkejut
Melihat anaknya yang berbeda ibu Itik terheran-heran.,terkejut
Itik abu-abu sangat terkejut melihat sosok Angsa putih di dalam air.,terkejut
"Jika asapnya mengarah ke Singapura, tiba tiba terdapat tumpukan emas dan berlian.",terkejut
Dalam waktu singkat Mah Bongsu menjadi gadis kaya raya. Penduduk sekitar merasa heran dengan kekayaaan Mah Bongsu.,terkejut
Mang Bongsu tercengang. Seketika ular tersebut berubah wujud menjadi seorang pemuda yang gagah dan tampan.,terkejut
Lelaki muda itu tertegun melihat siapa yang datang.,terkejut
"Kapal besar itu terombang-ambing dan terbalik, seluruh penumpang tewas seketika, termasuk sang anak.",terkejut
Putrinya sangat terkejut melihat keadaan ayahnya. Ia lalu segera menemui si Penyumpit untuk meminta tolong.,terkejut
"Namun keajaiban terjadi. Dari balik api yang menjilat-jilat, muncullah seorang pria tampan berbadan mulus.",terkejut
Sang nenek terkejut bertemu dengan orang yang baru dilihatnya selama ini,terkejut
"Ketika mereka sudah tinggal di pondok itu, tiba-tiba tersiar kabar bahwa Bendahara mengambil alih kedudukan baginda raja. Betapa terkejutnya permaisuri mendengar berita tersebut.",terkejut
"Raja melihatnya, seketika itu ia terkejut melihat kedatangan permaisuri yang telah dibuangnya delapan belas tahun yang lalu, ""Dinda!!""",terkejut
Sang Raja kembali terkejut dan langsung memeluk anak yang dulu ia buang,terkejut
Alangkah terkejutnya ia ketika melihat seekor buaya yang sangat besar sedang memandangi dirinya.,terkejut
"Towjatuwa tertegun, ""Kau bisa bicara? Apakah kau sejenis buaya sakti?"" tanyanya.",terkejut
"Petani itu sangat kaget, tetapi ia berjanji tidak membunuh ikan itu. Dalam sekejap, ikan itu berubah menjadi seorang putri yang cantik.",terkejut
Ayahnya yang kelelahan dan kelaparan sangat terkejut melihat rantang yang hanya berisi sisa-sisa makanan.,terkejut
"Sesampainya ia di rumah, alangkah terkejutnya Toba. Melihat makanan sudah tersedia di atas meja.",terkejut
"Raden Budog terbangun dan terkejut, karena di hadapan berdiri seorang gadis yang sangat cantik.",terkejut
"Tiba-tiba, seekor burung melintas di atas kepalanya. Ia sangat terkejut, dan langsung menengadah. Ternyata burung itu mematuk hidungnya.",terkejut
Ia sangat terkejut di sebelahnya ada seorang ibu peri sambil tersenyum ramah.,terkejut
Mereka sangat terkejut dan sangat kagum dengan kecantikan Cinderella.,terkejut
Mendengar Perkataan Peramal Itu. Si Janda Sangat Terkejut.,terkejut
Pada Saat Di Buka. Melompatlah Seorang Anank Laki-Laki Yang Sangat Aneh Bentuk Tubuhnya. Janda Itu Sangat Terkejut.,terkejut
Terjadilah Sebuah Peristiwa Yang Sangat Mengagetkan. Joko Kendil Yang Buruk Rupa Berubah Menjadi Seorang Pangeran Yang Sangat Tampan.,terkejut
"Betapa terkejutnya Mbok Sarni ketika sedang memetik salah satu mentimun, di hadapannya terdapat bayi perempuan yang cantik.",terkejut
Bapak tua dan istrinya kaget mendengar suara itu.,terkejut
Tiba-tiba sekelilingnya menjadi biru dan asap membumbung. Bersamaan itu muncul sosok sebesar raksasa.,terkejut
Dia sangat terkejut melihat istana dan istri yang sangat dicintainya raib entah kemana.,terkejut
"Saat melihat dengan jelas, para pengawal sangat terkejut karena tubuh Putri Pukes telah mengeras dan menjadi batu.",terkejut
"Sementara itu, Nyai Jaya dan Mangku Amat, saat kembali ke rumahnya, mereka kaget saat melihat tempat tinggal mereka sudah dihancurkan orang.",terkejut
"Namun, mereka sangat terkejut. Karena, yang datang bukan sang Induk melainkan Serigala.",terkejut
Ia sangat terkejut mengetahui kedua anaknya tidak ada dirumah.,terkejut
Melihat kedatang Serigala yang datang secara tiba-tiba membuat sang Ayam sangat terkejut.,terkejut
"Namun, ia sangat terkejut dan terbengong-bengong melihat sang Ayam sudah tidak ada di hadapannya.",terkejut
Singa dan Beruang sangat terkejut melihat kedatangan Serigala yang sangat tiba-tiba.,terkejut
"Meski sangat terperanjat, Raja menuruti perintah tersebut.",terkejut
Kian terperanjat Raja saat bertemu dengan sang pemilik suara yang tak lain sang Kakek seperti yang berada dalam impiannya.,terkejut
tiba-tiba muncul seekor ular yang sangat besar di tempat sang Kakek semula berada.,terkejut
Amat terperanjat warga desa setelah mengetahui di dalam rumah peristirahatan yang dibangun Raja itu terdapat sekumpulan ular.,terkejut
Sang suami sangat keheranan mendapati keanehan itu.,terkejut
Terperanjatlah suami istri itu ketika mengetahui benda keras yang menyentuh sang suami tersebut ternyata sebuah patung landak yang terbuat dari emas.,terkejut
Para prajurit Cina terperanjat mendapati serangan hewan-hewan aneh itu.,terkejut
Agak terkejut ia ketika mendapati seruas batang bambu itu adalah seruas batang bambu yang membuatnya tersandung di pantai tadi.,terkejut
Sangatlah terkejut Pak lnda saat mendapati batang bambu itu adalah batang bambu yang telah dua kali membuatnya tersandung.,terkejut
"Sangat mengherankan, batang bambu itu bisa di darat setelah dilemparkannya ke laut tadi.",terkejut
Pak Inda sangat terkejut karena letusan keras itu berasal dari rumahnya.,terkejut
Keduanya sangat terperanjat ketika mendapati batu kuyung di kebun mereka telah meninggi melebihi tingginya pepohonan.,terkejut
"Yang mengherankan, para perampok dan penjarah itu langsung menghilang setelah melakukan aksi jahat mereka.",terkejut
"Ketika Paga tengah sibuk menyiapkan lahan garapannya di hutan angker, warga desa dikejutkan dengan adanya berita menghebohkan.",terkejut
Amat terperanjat mereka mendapati keadaan desa Penyak yang sepi tiada penghuni laksana desa Penyak itu desa mati.,terkejut
I Manyambungi sangat terkejut saat mendengar jawaban itu.,terkejut
Para utusan dari Mandar itu pun terkejut dan segera memberi hormat.,terkejut
Si raksasa amat terperanjat dan berusaha melarikan diri,terkejut
"Namun, ia sangat terkejut melihat seekor Ular raksasa berada di hadapannya.",terkejut
"Ketika Si Kucing dan Anjing menghadap Rohib, mereka terkejut karena benda itu sudah ada pada Rohib.",terkejut
Raja Hasan sangat terkejut mendengar jawaban dari Raja Bayang.,terkejut
Jafar Sidik terperanjat saat melihat tujuh bidadari terbang di atas lengkungan pelangi.,terkejut
Si bidadari bungsu terkejut mendengar sapaan Jafar Sidik.,terkejut
Betapa terperanjatnya ia ketika berhasil mengambil kain yang tak lain selendangnya itu.,terkejut
Jafar Sidik terperanjat ketika pulang dari Iadang dan mendapati empat anak lelakinya menangis.,terkejut
Kedua anaknya pun merasa heran. Karena tidak bertemu dengan emaknya dari pagi.,terkejut
Tak terkirakan terkejutnya si lelaki tua ketika mendapati Tulap si Raksasa telah berada di dekatnya.,terkejut
“Wah… Hebat!” teriak Alibaba sambil terpana sebentar karena melihat harta yang bertumpuk-tumpuk seperti gunung.,terkejut
Istri Alibaba sangat terkejut melihat barang yang dibawa Alibaba.,terkejut
"Tapi ketika ia mau keluar, para penyamun sudah berada di luar, mereka sama-sama terkejut.",terkejut
Disana ia sangat terkejut karena mendapati tubuh kakaknya sudah terpotong.,terkejut
"Alibaba dan istrinya sangat terkejut, sebelum Alibaba bertanya",terkejut
Li Hung terperajat. Namun ia menyadari kesalahannya.,terkejut
"Betapa terkejutnya mereka, ternyata kotak itu penuh berisi uang emas, perak dan perhiasan-perhiasan yang sangat indah.",terkejut
"“Apa yang saya lihat itu?” kata ibunya dengan sangat terkejut, “Saya melihat mutiara dan permata keluar dari mulutmu! Bagaimana hal ini bisa terjadi, anakku?”",terkejut
Tempat itu membuatku tertegun. Seluruh dinding dan lantai gua dilapisi emas.,terkejut
Aku melongo mendengarnya. Segera kutarik Jeni masuk.,terkejut
"Akim terkejut, ia memohon kepada mereka untuk membagi sedikit makanannya, namun mereka menolak.",terkejut
"Orang tua Akim yang tiba esok harinya, terkejut mendapati rumah mereka masih terkunci dan anak mereka hilang entah kemana.",terkejut
"“Oh!” Tiba-tiba dia terlonjak kaget, sebuah jeritan, dan mahkluk yang sebesar tumpukan jerami, dengan empat kaki yang panjang dan dua telinga yang panjang, memiliki ekor panjang, menendang-nendang ke udara sambil memekik dan tertawa seperti anak yang nakal!",terkejut
“Apa yang kau pikirkan wahai Pangeran?” Shahzada terkejut karena tidak ada orang lain di kamarnya.,terkejut
"Suatu hari dia tiba di pinggir laut. Saat dia sedang merenungi nasibnya, dia dikejutkan oleh suara rebut dan tangisan seorang gadis.",terkejut
Raja sangat terkejut dengan permintaan tersebut karena kedua benda itu adalah pusaka kerajaan yang orang luar tidak mengetahuinya.,terkejut
Sang Raja terkejut mendengar Ratu berkata demikian dan bertanya bagaimana bisa.,terkejut
"Raja amat heran ketika melihat Mista, si penjaga kuda, sedang menyuapi si Hitam.",terkejut
"Padishah menjadi terkejut, tetapi karena tujuan Padishah sendiri bukanlah istana itu melainkan untuk memisahkan anak nelayan dengan wanita yang diidam-idamkannya",terkejut
Alangkah terkejutnya si kakek ketika kembali ternyata kini rumahnya telah berubah menjadi sebuah rumah yang megah.,terkejut
"Kakek terkejut mendengar permintaan istrinya, dia mencoba menolaknya.",terkejut
Para undangan terkejut mendengar kutukan sang penyihir jahat itu.,terkejut
"Mendengar pertanyaan itu, Domia terkejut.",terkejut
"Ketika akan melangkah pergi, Ikot Rinding terkejut. Ia melihat sebuah sumpit tergeletak di tanah.",terkejut
“Apa?” sahut Bulan terkejut.,terkejut
Tapi alangkah terkejutnya mereka ketika menyadari ternyata hidung Putri telah hilang sebelah.,terkejut
Betapa terkejutnya Awang Sukma ketika melihat ada 7 orang gadis cantik sedang bermain air.,terkejut
"Mendengar suara dedaunan, para putri terkejut dan segera mengambil selendang masing-masing.",terkejut
"Ketika bumbung dibuka, Putri Bungsu terkejut dan berteriak gembira. “Ini selendangku!, seru Putri Bungsu.",terkejut
Tumenggung terperanjat dan berteriak. Semua jadi kacau.,terkejut
Kusmantoro dan Kusmantari terkejut. Namun keterkejutan mereka disimpan rapat-rapat. Mereka tak ingin penyamaran mereka terbuka.,terkejut
"Setibanya di rumah, ia terkejut dan menjerit karena melihat suaminya telah berubah menjadi seekor naga.",terkejut
Juragan terheran-heran melihat peristiwa tersebut.,terkejut
Mereka kaget ketika tiba-tiba melihat suatu pemandangan aneh tapi nyata di suatu lorong.,terkejut
Mereka amat terkejut ketika menengok ke dalam ayunan yang berada di tengah-tengah lorong.,terkejut
"Betapa terkejutnya si Rusa, ia tidak jadi beristirahat melainkan lari tunggang langgang.",terkejut
"Pada saat lelaki itu tiba di dapur, dia terkejut sekali karena ikan besar itu sudah tidak ada lagi.",terkejut
"Karena terkejut dan heran mengalami keadaan yang aneh itu, dia meninggalkan dapur dan masuk kekamar.",terkejut
Si Limbat menjadi sangat terkejut. Tidak pernah diduga majikannya akan tega menuduh dirinya sebagai pencuri.,terkejut
Wedana dan para pengawalnya kaget sekali.,terkejut
"Betapa terkejutnya mereka, di dalam buah itu mereka menemukan bayi perempuan yang sangat cantik.",terkejut
Tiba-tiba dia membuat kaget dua pengikutnya itu dengan memegang kerah baju mereka,terkejut
Ia amat kaget karena bukan Ular Dandaung yang berbaring di sisinya melainkan seorang permuda tampan.,terkejut
Raja dan permaisuri terkejut melihat kejadian itu.,terkejut
Anteh terkejut ketika tiba-tiba di hadapannya muncul pemuda yang tidak dikenalnya.,terkejut
“A..apa kesalahanku kak? Kenapa kakak tiba-tiba marah begitu?” tanya Anteh kaget.,terkejut
“Anteh!” tegurnya.  Anteh terkejut. Dilihatnya pangeran Antakusuma berdiri di hadapannya.,terkejut
Raden Putra terperanjat mendengar kokok ayam Cindelaras.,terkejut
"Pemilik rumah akan kaget keesokan harinya karena seluruh harta yang telah mereka kumpulkan dengan susah payah, lenyap begitu saja dibawa kabur perampok-perampok itu.",terkejut
Seekor induk pipit yang sedang memberi makan kepada anak-anaknya terkejut.,terkejut
"Entah berapa lama ia terbuai mimpi, tiba-tiba ia terbangun karena dikejutkan suara hiruk pikuk sayap-sayap yang mengepak.",terkejut
Betapa kaget hatinya setelah melihat isi bumbung itu.,terkejut
Ia amat terkejut melihat nyamuknya sedang dipatuk dan ditelan seekor ayam jantan.,terkejut
"Ketika Tirta datang, dia amat kaget bertemu dengan Bek Kemayoran.",terkejut
Mendengar perkataan putranya itu Sunan Ambu terkejut.,terkejut
Aki Panyumpit terkejut mendengar lutung dapat berbicara.,terkejut
Keesokan harinya Purbasari sangat terkejut melihat Jamban Salaka itu.,terkejut
"Akan tetapi, ia dan rombongan terkejut sebab disamping huma yang dibuka para prajurit telah ada pula huma lain yang lebih bagus.",terkejut
"Mendengar hal itu, Halimah sangat kaget dan terpukul.",terkejut
Ketika aku memperhatikan domba-domba yang sedang bermain aku dikagetkan dengan kedatangan dua orang yang memakai pakaian yang putih.,terkejut
Pada suatu hari beliau duduk di gua Hira dan tiba-tiba beliau dikagetkan dengan kedatangan Jibril yang berdiri di depan pintu gua.,terkejut
Isterinya dikagetkan dengan kepucatan wajah beliau yang mulia dan kegemetaran tubuhnya.,terkejut
