,Clean_Text,Class
506,hari itu menjadi hari yang penuh kegembiraan dan safia pergi berterima kasih kepada wanita bijaksana yang tinggal di rongga pohon,senang
440,toba sangat gembira karena ternyata ada ikan besar yang tersangkut ikan itu mempunyai sisik sangat indah berwarna keemasan,senang
326,kebingungan ketakutan dan rasa kesal membuat putri bungsu tidak berdaya,takut
181,haha dasar cinderella bodoh kau tinggal di rumah selama kami pergi bersihkan semua ruangan cuci piring dan baju dan kamu sangat jelek,jijik
957,kakek terkejut mendengar permintaan istrinya dia mencoba menolaknya,terkejut
129,raja sangat marah hai para pengawal cari dan temukanlah puteri kuning teriaknya,marah
370,melihat hal tersebut raja sangat senang,senang
474,kedua anak itu benar benar gembira mendapati diri mereka berada di ketinggian yang membuat keduanya dapat memandang daerah daerah yang luas,senang
782,sebaliknya rakyat kecil para petani dan mereka yang menderita amat sedih,sedih
591,syukur anak pertamaku sudah lahir kata ayahnya dengan gembira,senang
350,ia sangat senang karena mendapatkan labu yang lebih besar dari bawang putih,senang
411,tetangga petani sangat senang dan ia pun pergi ke ladang,senang
172,pergi aku tidak suka makanan kampung orangtuaku adalah seorang saudagar kaya bukan gembel seperti kalian seru sang anak sambil membuang makanan pemberian ibunya,jijik
103,sementara sang putri sangat kesal karena telah dua kali keceplosan,marah
0,pangeran empang kuala murka mendengar pinangannya ditolak,marah
522,ia begitu terpesona melihat patung wanita cantik berpakaian indah tersebut,senang
706,putri aji bedarah putih sangat sedih mendapati kekuatan pendukungnya mampu diporakporandakan para prajurit cina,sedih
331,para prajurit yang ketakutan segera berangkat ke hutan dan langsung bekerja keras membuka hutan,takut
71,gagak marah mendengar ejekan rubah la mengeluarkan suara keras kaak,marah
707,putri aji bedarah putih kesulitan menemukan cara untuk mengalahkan para prajurit cina itu ia hampir putus asa,sedih
402,ia pun tersenyum senang melihat rumahnya,senang
225,jika ia bisa menjatuhkan badak dan menghancurkan gajah aku pasti dengan mudah dibunuhnya pikir kelinci,takut
235,mereka semua takut kepada singa,takut
639,bawah putih sangat sedih,sedih
578,baiklah kuberi nama ia kemuning kata raja dengan senang,senang
508,mulanya aku ingin tertawa mendengar ucapannya,senang
439,diadakanlah pesta pernikahan yang megah dan meriah yang dilangsungkan selama tujuh hari tujuh malam dan mereka hidup bahagia selamanya,senang
913,amat terperanjat warga desa setelah mengetahui di dalam rumah peristirahatan yang dibangun raja itu terdapat sekumpulan ular,terkejut
555,ah alangkah bahagianya kedua ikan ini mereka pastilah sepasang kekasih yang saling mencintai sebentar lagi akupun akan sebahagia mereka pikir putri sambil tersenyum kecil,senang
245,melihat sang anjin itik abu pun ketakutan karena ia takut di makan olehnya,takut
779,ciput menjawab sedih bahwa pak sarba sudah meninggal dunia,sedih
51,dengan penuh amarah penghuni rumah mengambil sapu lalu memukul sang kucing desa sang kucing desa merasa ketakutan dengan kelakuan penghuni rumah dia berlari menjauh darinya,marah
826,angin badai datang tiba tiba dan menghantam kapal besar milik malin kundang itu,terkejut
222,lehermu akan dipenggal algojo kerajaan setelah ayam jagomu kalah,takut
861,petani kaget melihat istrinya berada dalam lubang perangkap,terkejut
329,para putri dan wanita wanita bangsawan menjerit ketakutan,takut
863,sebenarnya rusa terkejut mendengar jawaban kulomang tapi ia tertawa dalam hati,terkejut
87,raja bayang pun sangat marah dengan penolakkan raja hasan wajahnya pun berubah menjadi merah terbakar,marah
417,sang anjing tersenyum bahagia karena dia telah menemukan makanan,senang
476,pada saat bersamaan seorang gadis bisu dan tuli tertawa terpingkal pingkal melihat tingkah jack,senang
981,anteh terkejut ketika tiba tiba di hadapannya muncul pemuda yang tidak dikenalnya,terkejut
643,tak terkirakan kepedihan hati mande rubayah mendapati perlakuan keji anak kandungnya,sedih
816,tiba tiba putrinya yang cantik terseret ke dalam lumpur,terkejut
964,mendengar suara dedaunan para putri terkejut dan segera mengambil selendang masing masing,terkejut
4,akhirnya karena merasa kesal setelah lima hari nenek menyuruh bawang merah pulang tanpa memberi hadiah labu,marah
180,kakak kakaknya yang sangat jahat memanggilnya cinderella yang artinya gadis yang sangat kotor menurut mereka itu adalah panggilan yang cocok untuk cinderella,jijik
424,pesta pemikahan antara si penyumpit dan putri pak raje dilaksanakan dengan meriah,senang
800,purbararang menangis dan minta maaf kepada purbasari,sedih
884,ketika mereka sudah tinggal di pondok itu tiba tiba tersiar kabar bahwa bendahara mengambil alih kedudukan baginda raja betapa terkejutnya permaisuri mendengar berita tersebut,terkejut
90,dengan penuh kejengkelan berteriaklah manuella sambil memandang pohon itu,marah
187,dari kepala istrinya ia melihat asap yang muncul dan kemudian diikuti dengan keluarnya seekor lipan berwarna putih,jijik
586,oh akhirnya pulang juga si lancang seru emaknya dengan gembira,senang
653,ratu memohon dan menangis agar kurcaci tersebut tidak membawa putrinya,sedih
857,saudagar kaget dengan kecerdikan anaknya,terkejut
313,mereka bingung dan takut barangkali datang serangan kedua,takut
565,sesampainya di rumahnya putri melati wangi disambut gembira oleh keluarganya yang mengira putri melati wangi sudah meninggal dunia,senang
920,pak inda sangat terkejut karena letusan keras itu berasal dari rumahnya,terkejut
871,mendengar berita tersebut para ikan sangat terkejut mereka percaya dengan kebohongan sang kuntul,terkejut
240,namun babi sulung tetap bertahan di dalam rumah dengan ketakutan,takut
994,akan tetapi ia dan rombongan terkejut sebab disamping huma yang dibuka para prajurit telah ada pula huma lain yang lebih bagus,terkejut
177,hingga suatu hari mananamakrdi diusir oleh saudara saudaranya karena bau kudisnya sudah tak tertahankan lagi,jijik
465,orang yang dianggap sakti itu disambut gembira oleh rakyat jambi,senang
142,kekesalannya akhirnya memuncak ketika si limbat melaporkan pada majikannya bahwa daging persediaan mereka di rumah sudah hilang dicuri orang,marah
133,karena sudah terlalu lama tak ada yang memakan umpan pancingnya dia jadi kesal dan memutuskan untuk berhenti saja memancing,marah
140,setelah dayang sumbi mengetahui bahwa yang dimakannya adalah si tumang kemarahannya pun memuncak serta merta kepala sangkuriang dipukul dengan sendok yang terbuat dari tempurung kelapa sehingga luka dan diusirlah sangkuriang,marah
865,matanya terbelalak ketika ia melihat kulomang telah menantinya si situ,terkejut
925,i manyambungi sangat terkejut saat mendengar jawaban itu,terkejut
391,tuan pemilik androcles kagum mendengar cerita itu,senang
299,petir menyambar diiringi guntur yang menggelegar begitu putri mengucapkan doanya semua yang ada di situ menjerit ketakutan,takut
466,penduduk sangat gembira karena berhasil menemukan raja jambi yang sakti akhirnya kita mempunyai seorang raja yang sakti dan mampu memimpin negeri ini ujar salah satu penduduk girang,senang
204,darah segar mengalir dari kepala,jijik
475,paga hidup berbahagia bersama si biru dan puluhan bekas perompak yang kesemuanya telah dianggapnya sebagai sahabat,senang
311,tapi mereka menjadi sangat takut karena pada ulang tahun timun mas yang ke sang raksasa datang kembali,takut
134,oleh karena itu maka si ayah jadi sangat marah ketika melihat nasi yang diberikan kepadanya adalah sisa sisa,marah
91,nenek sangat marah mendengar pengakuan si burung pipit,marah
131,ketika is melihat tulang tulang rusa di piringnya dan di piring si bungkuk daging yang empuk bukan main marahnya,marah
689,maafkan aku ayah di tengah perjalanan tadi tiba tiba perutku lapar dan memakan sebagian makanan untuk ayah jawab samosir merasa bersalah,sedih
160,hei perempuan tua berpakaian lusuh siapakah engkau ini hingga berani beraninya engkau memelukku,jijik
607,dia tepesona mendengar suara yang begitu merdu,senang
306,sang kera naik perahu dengan perasaan takut sekali,takut
940,disana ia sangat terkejut karena mendapati tubuh kakaknya sudah terpotong,terkejut
977,betapa terkejutnya mereka di dalam buah itu mereka menemukan bayi perempuan yang sangat cantik,terkejut
11,ketika kucing itu bangun kucing itu sangat kesal telah dibangunkan dari tidurnya dia menggeram dan mencoba mengusir ayam,marah
743,saat itu nelayan tersebut berlutut pada kedua kakinya dan menangis,sedih
481,si raksasa begitu gembira mendapat persembahan putri sesuai janji kera hitam,senang
394,manusia kerdil senang sekali mereka berdua makan dengan lahap,senang
397,sejak saat itu tukang kayu tidak pernah hidup kekurangan lagi,senang
593,dengan gembira dukun memasukkan isi salam itu ke dalam kantong bajunya,senang
878,mang bongsu tercengang seketika ular tersebut berubah wujud menjadi seorang pemuda yang gagah dan tampan,terkejut
322,pada suatu hari istri pangeran sarif merasa takut sekali tinggal sendiri di rumah sebab saat itu dia sedang hamil muda,takut
233,raja gajah pun berpikir jika bulunya sangat besar dan tajam seperti ini bagaimana dengan badannya hatinya seketika menjadi gelisah,takut
362,sebagian penonton yang menjagokan ayam jago cindelaras bersorak sorai gembira,senang
975,si limbat menjadi sangat terkejut tidak pernah diduga majikannya akan tega menuduh dirinya sebagai pencuri,terkejut
623,semakin terluka hati ibunya mendengarnya,sedih
308,seluruh anggota pasukan belanda gemetar ketakutan,takut
317,anteh yang ketakutan berusaha melarikan diri,takut
566,setelah menikah putri melati wangi dan pangeran tanduk rusa hidup berbahagia sampai hari tuanya,senang
995,mendengar hal itu halimah sangat kaget dan terpukul,terkejut
709,setelah keduanya duduk di atas batu kuyung mereka pun mendendangkan lagu kesedihan,sedih
675,ibu dempu merasakan hatinya pedih bukan kepalang la tidak menyangka anak kandungnya tidak mengakuinya sebagai ibu,sedih
741,jhi ge phu sangat sedih karena yakin tidak akan mampu memenuhi tantangan tersebut,sedih
633,ia juga menjelaskan bahwa ayahnya meninggal dunia karena mempertaruhkan nyawanya dalam pertaruhan sabung ayam,sedih
916,para prajurit cina terperanjat mendapati serangan hewan hewan aneh itu,terkejut
796,menghadapi masalah seperti itu prabu tapa agung sering bermuram durja,sedih
413,burung itu sangat senang mencari makanan di sungai yang jernih itu karena ikan ikan sangat berlimpah disana sang kuntul tidak pernah pergi ke sungai lain untuk mencari makanan karena makanan di sungai itu sangat melimpah,senang
269,mereka percaya siapa pun juga yang nekat memasuki hutan itu akan berakhir dengan kematiannya karena dimangsa makhluk makhluk gaib yang menyeramkan itu,takut
703,mereka pun sangat menyesali pertengkaran mereka tersebut,sedih
291,hei jangan ganggu aku wajahmu yang mengerikan membuatku takut seruku,takut
442,penduduk desa bersukacita menghadiri acara itu,senang
365,kuperhatikan dari tadi kau mengejeku aku mendengarnya dengan sangat baik rupanya kau sangat senang berada di atap sana,senang
785,hanya keenam putrinya tidak habis habisnya menyesali diri mereka,sedih
808,mula mula pikirannya terfokus pada keadaan yatim sambil ia mulai memperhatikan linangan air mata ibunya yang diam,sedih
333,gajah gajah semakin berteriak dengan kencang dan tampak ketakutan,takut
287,ketika ia hendak keluar kasim lupa mantra untuk membuka pintu ia berteriak apa saja dan mulai ketakutan,takut
10,salah satu tupai itu marah dia berbicara kepada tupai yang ada didepannya hei apa yang kau lakukan disini ini adalah sarang ku,marah
929,ketika si kucing dan anjing menghadap rohib mereka terkejut karena benda itu sudah ada pada rohib,terkejut
224,ratu pun sangat gelisah bagaimana caranya agar ia dapat mengetahui nama kurcaci tersebut,takut
205,para tentara abrahah kembali dalam keadaan binasa di mana daging daging dari tubuh mereka berceceran di jalan,jijik
728,ia menangis dan menjerit jerit tapi tak seorang pun mendengarnya,sedih
824,hanya dirinya saja yang selamat ketika para perompak itu meninggalkan kapal dagang itu seraya membawa seluruh isi kapal dagang yang mereka rampok,terkejut
28,dewa indra lalu menangkap dan melemparkan raja trishanku kembali ke bumi,marah
970,mereka kaget ketika tiba tiba melihat suatu pemandangan aneh tapi nyata di suatu lorong,terkejut
686,o bia mokara mulai merengek karena lapar sambil menangis ia menarik tangan kakaknya ke dapur dan menunjuk telur ikan,sedih
13,rubah itu melihatnya dengan sangat gusar karena banyangannya terlihat menggigit daging yang lebih besar dari dirinya hingga dia ingin sekali merebut daging itu,marah
843,dalam waktu sekejap candra kirana yang cantik rupawan berubah wujud menjadi keong mas,terkejut
157,meskipun demikian ketika beliau keluar pada suatu hari menemui sahabat sahabatnya dan mendapati mereka mengutamakan para nabi dan mendahulukannya atas mereka maka beliau justru menampakkan kemarahan dan wajahnya berubah,marah
855,mendengar anak tersebut raja sangat terkejut ia pun langsung melihat pada tubuhnya,terkejut
320,setelah itu keadaan sepi kembali membuat bulu kuduk meremang,takut
385,rakyat hutan belantara sangat senang mendengar kabar tersebut kehidupan di dalam hutan belantara pun menjadi kembali tentram seperti semula,senang
325,kera takut anak pipit itu terbang,takut
345,dengan kehebatan mereka dan juga bantuan dari para siluman hutan mereka berhasil memenangkan pertempuran,senang
147,aku akan memberikan hukuman yang setimpal pada selirku lanjut baginda dengan murka,marah
609,putri endahwarni juga tampak senang melihat calon suaminya yang sangat gagah dan tampan,senang
524,jhi ge phu terpesona dengan pemandangan di depannya,senang
276,si murid takut jika beelzebub tidak berhenti seluruh yorkshire akan tenggelam,takut
528,dia bergegas masuk ke aula tempat jhi ge phu berada dan dengan ceria menebarkan senyum padanya,senang
777,sambil menangis anak itu berlari pulang menemui ibunya di rumah,sedih
839,raden putra sangat terkejut melihat ayam jago kesayangannya terseok seok kabur dari medan pertarungan,terkejut
438,akhirnya putri serindu menemukan tambatan hatinya baginda raja jungur dan permaisurinya sangat gembira,senang
767,mendengar kata kata suaminya itu sang istri pun menyesal,sedih
393,sejak saat itu pangeran andre dan putri rosebud hidup bahagia selamanya,senang
471,pak inda sangat gembira ketika metihat bubunya sangat banyak ikan yang terjebak di dalam bubunya,senang
221,timun mas amat takut kemudian ia membuka kembali bungkusan kedua,takut
472,dengan hati senang pak inda lalu kembali ke rumahnya,senang
518,betapa gembiranya mereka sekeluarga karena telah lepas dari kemiskinan,senang
560,kehidupan keluarga datu awang sukma sangat bahagia,senang
625,mereka berpegangan tangan dengan sedih karena sebentar lagi akan berpisah dengan adik bungsu mereka,sedih
541,gembira karena merasakan muatannya telah berkurang sehingga beban yang dibawa menjadi lebih ringan sang keledai merasa sangat gembira ketika mereka melanjutkan perjalanan mereka,senang
641,bawang pusih sangat sedih dan ia berjalan menyusuri aliran sungai,sedih
401,ia pun sangat senang melihat rumahnya sudah siap di huni,senang
433,akhirnya setelah menunggu bertahun tahun raja mendapat kabar bahagia bahwa permaisurinya telah hamil,senang
199,seekor kodok yang menjulurkan kepala besarnya yang jelek keluar dari air,jijik
849,putri penggiling gandum tersebut sangat terkejut,terkejut
731,ibunya menangis tapi kemudian berkata tuhan akan menolongmu nak mati dan hidup manusia ada di tangan tuhan,sedih
217,mbok sirni ketakutan tubuhnya menggigil ia ingin berlari menghindari dari terkaman raksasa itu,takut
631,namun ia sangat terpukul karena dilihatnya ketujuh puterinya telah meninggal dunia karena kelaparan,sedih
747,kita harus menguburkannya dengan layak kata kapten dengan penuh duka,sedih
117,raja dan ratu sangat marah mendengar perkataan putra mereka itu jangan mengatur orangtua karena kau telah berbuat salah aku akan menghukummu pergilah dari istana ini usir raja,marah
530,di sanalah mereka hidup bahagia selamanya,senang
649,kambing itu tidak terlihat menyesal dengan perbuatannya malah dia mencoba melepaskan diri dari pasak itu dengan menarik narik pasak itu,sedih
924,amat terperanjat mereka mendapati keadaan desa penyak yang sepi tiada penghuni laksana desa penyak itu desa mati,terkejut
41,tikus yang memarahinya itu semakin marah karena tikus yang sedang makan tidaklah menyaut atau mengungkapkan sepatah katapun dan bahkan dia mengiraukan dirinya,marah
717,air matanya bercucuran ketika melihat enam kakaknya terbang kembali ke kahyangan,sedih
341,bertambahlah jumlah kaum muslim hingga kaum quraisy merasakan ketakutan,takut
915,terperanjatlah suami istri itu ketika mengetahui benda keras yang menyentuh sang suami tersebut ternyata sebuah patung landak yang terbuat dari emas,terkejut
885,raja melihatnya seketika itu ia terkejut melihat kedatangan permaisuri yang telah dibuangnya delapan belas tahun yang lalu dinda,terkejut
231,melihat surat tersebut raja badak sangat gelisah,takut
914,sang suami sangat keheranan mendapati keanehan itu,terkejut
618,purbasari keluar dari gubuk dengan gembira,senang
22,seorang anak bernama juan bertengkar dengan adiknya raul mereka memperebutkan kue pemberian nenek,marah
620,ia terpesona oleh keindahan pakaian yang dilengkapi perhiasan perhiasan yang indah,senang
59,raja sangat kecewa dan marah kemudian ia memerintahkan para pengawa lnya untuk membuang permaisuri ke hutan,marah
380,mereka membawa kerikil sekantung penuh ayo kita bersenang senang kata george,senang
76,ibu mereka yang jengkel langsung menghardik mintalah makanan pada ayah kalian itu,marah
168,enak saja pergi sana kata kakak tertua mengusir,jijik
392,ayah putri rosebud dan para pembesar istana tertawa melihat hidung pangeran andre,senang
556,kalau begitu sebentar lagi akan ada pesta besar donk asyiiiiik seru dayang dayang,senang
963,betapa terkejutnya awang sukma ketika melihat ada orang gadis cantik sedang bermain air,terkejut
699,orangtua putri pukes sangat bersedih tetapi mereka harus melepas anaknya itu pergi,sedih
477,akhirnya jack dan istrinya hidup bahagia selamanya,senang
452,mereka berdua berdansa dengan rasa bahagia pangeran berkata kamu adalah wanita yang selama ini saya cari cinderella sangat bahagia dan lupa waktu,senang
740,jhi ge phu sangat sedih namun apa mau dikata semua sudah suratan takdir,sedih
307,sesekali perahu itu diterjang ombak wajah sang kera menjadi pucat,takut
95,sekarang sang raja dengan marah berkata kepada putrinya,marah
858,paginya saat androcles bangun ia kaget melihat singa membawa bangkai rusa hasil buruannya,terkejut
558,datu awang sukma sangat mengagumi kecantikan putri bungsu,senang
683,ibunya putri jelmaan ikan itu pun sangat sedih,sedih
119,kecuali obi kerbau yang merasa iri pada ucil kancil,marah
819,ayah jadi ayah masih hidup,terkejut
139,karena si tumang tidak menurut sangkuriang marah dan membunuh si tumang,marah
890,ayahnya yang kelelahan dan kelaparan sangat terkejut melihat rantang yang hanya berisi sisa sisa makanan,terkejut
853,koleksi bajunya pun sudah beribu ribu,terkejut
194,alibaba membawa tubuh kasim ke tukang sepatu untuk menjahitnya kembali seperti semula,jijik
144,timbul dendam di hatinya pada anteh,marah
881,putrinya sangat terkejut melihat keadaan ayahnya ia lalu segera menemui si penyumpit untuk meminta tolong,terkejut
488,sang raja sangat sayang dengan dua anjing itu,senang
986,seekor induk pipit yang sedang memberi makan kepada anak anaknya terkejut,terkejut
877,dalam waktu singkat mah bongsu menjadi gadis kaya raya penduduk sekitar merasa heran dengan kekayaaan mah bongsu,terkejut
47,sang gabus tidak melepaskan gigitannya malah dia dengan kuat menggigit leher sang kuntul hingga putus sambil berkata kau mencoba menipu kami kini rasakan akibatnya,marah
587,hatinya yang tadi sudah kesal berubah menjadi gembira karena dia tahu bahwa ikan yang menyambar pancingnya itu adalah ikan yang besar,senang
197,dari mulutnya keluarlah dua ekor ular berbisa dan dua ekor katak,jijik
219,mbok sirni amat ketakutan ia tak mau melepaskan timun mas begitu saja untuk disantap raksasa itu,takut
655,ulat bulu pun keluar dari sarang kelinci sambil tersipu malu,sedih
361,semangat bertarung ayam jago cindelaras sangat besar,senang
954,raja amat heran ketika melihat mista si penjaga kuda sedang menyuapi si hitam,terkejut
949,oh tiba tiba dia terlonjak kaget sebuah jeritan dan mahkluk yang sebesar tumpukan jerami dengan empat kaki yang panjang dan dua telinga yang panjang memiliki ekor panjang menendang nendang ke udara sambil memekik dan tertawa seperti anak yang nakal,terkejut
149,akan tetapi ketika dia melihat air di tepian menjadi keruh setiap itik itu selesai dia pun marah,marah
582,aku bisa melihat teriaknya kegirangan,senang
947,akim terkejut ia memohon kepada mereka untuk membagi sedikit makanannya namun mereka menolak,terkejut
886,sang raja kembali terkejut dan langsung memeluk anak yang dulu ia buang,terkejut
765,hati gadis sedih sekali ia tidak bisa berkata kata air matanya mengalir deras,sedih
178,namun ia terkejut saat membuka bungkusan tersebut isinya hanyalah sisa sisa makanan yang menjijikan,jijik
719,semakin jauh tubuh ibu mereka semakin kerns tangisan empat anak itu,sedih
806,di tengah tengah malam aku merasakan keputus asaan,sedih
444,o bia mokara tertawa gembira hatinya senang karena perutnya telah kenyang ia pun kembali bermain bersama kakaknya,senang
44,tetangga petani menjadi marah istri petani sengaja mau mencelakaiku dengan ular ini pikirnya,marah
883,sang nenek terkejut bertemu dengan orang yang baru dilihatnya selama ini,terkejut
507,upacara pernikahan safia dan pangeran selama hari malan akhirnya safia dan suaminya hidup bahagia selamanya,senang
108,raja sangat marah dengan kekalahannya dengan geram dia memerintahkan para prajuritnya untuk membawa putri naga dengan paksa,marah
296,dari sela jari jari putri yang masih menutupi mukanya mengalir darah segar dengan panik mereka berusaha menghentikannya,takut
123,hingga saat ini kerbau akan marah bila melihat kain berwarna merah,marah
534,pak kosim mendapat sekantung uang emas ia pulang ke rumahnya dengan amat gembira,senang
469,tak terkirakan gembiranya suami istri itu mendapati keajaiban yang mereka alami,senang
74,ia tidak segera memerintahkan para prajuritnya untuk kembali ke cina melainkan memerintahkan segenap kekuatan pendukungnya itu untuk menyerang kerajaan yang dipimpin putri aji bedarah putih,marah
944,apa yang saya lihat itu kata ibunya dengan sangat terkejut saya melihat mutiara dan permata keluar dari mulutmu bagaimana hal ini bisa terjadi anakku,terkejut
386,akhirnya saudagar menikahkan anaknya dengan anak perempuan pandai besi sejak saat itu mereka hidup lebih bahagia,senang
809,muhammad bin abdillah kini menjadi sendiri dan ia dalam keadaan menangis,sedih
239,petani mulai takut kehilangan istrinya,takut
218,ba baiklah apa syaratnya tanya mbok sirni ragu ragu,takut
663,buaya pun menyerah dan berjanji tidak akan mengincar monyet lagi,sedih
674,hancurlah hati kedua orangtua sang anak dengan berucuran air mata mereka meninggalkan kapal sang anak ibunya tak kuasa menahan sedih dan sekaligus amarahnya,sedih
282,tubuhnya langsung gemetar,takut
387,burung unta sangat menyayangi anaknya,senang
334,dan rasa takut itu kini menghinggapi seluruh pasukan,takut
538,dengan gembira mereka cepat cepat menyampaikan ke istana bahwa tempat tersebut telah di bangun,senang
921,keduanya sangat terperanjat ketika mendapati batu kuyung di kebun mereka telah meninggi melebihi tingginya pepohonan,terkejut
829,pada saat itu tiba tiba datang ibu peri,terkejut
961,apa sahut bulan terkejut,terkejut
830,sangat mengejutkan ketika ande ande lumut mengetahui kedatangan kleting kuning ia bergegas menyambutnya,terkejut
510,tampaknya ia senang sekali melihat wajahku yang pucat terkejut,senang
792,ia memeluk dan mencium putrinya sepuas puasnya sambil menangis,sedih
595,dia ikut menyaksikan hidangan seni berupa musik dan tari tarian yang menyenangkan,senang
697,gadis durhaka itu hanya menangis dan menagis menyesali perbuatannya,sedih
158,dengan kemarahan yang sangat hamzah mencari cari abu jahal lalu ia melihatnya sedang duduk duduk di tengah tengah kaumnya,marah
946,aku melongo mendengarnya segera kutarik jeni masuk,terkejut
966,tumenggung terperanjat dan berteriak semua jadi kacau,terkejut
564,dengan gembira obi kerbau pulang ke rumahnya,senang
200,oh tidak jawabnya tidak ada raksasa hanya kodok jelek,jijik
85,tuhan pun murka kepada keduanya karena keserakahan mereka,marah
956,alangkah terkejutnya si kakek ketika kembali ternyata kini rumahnya telah berubah menjadi sebuah rumah yang megah,terkejut
135,amarahnya makin bertambah ketika anaknya mengaku bahwa dia yang memakan sebagian besar dari nasinya itu,marah
268,menurut mereka hutan itu dihuni oleh hantu jin setan dan dedemit yang sangat menyeramkan,takut
942,li hung terperajat namun ia menyadari kesalahannya,terkejut
191,ribuan lipan besar itu terus menyerbu hingga memasuki jung jung,jijik
553,bulan merasa senang lalu katanya kepada bintang bintang lihat teman teman mereka mengagumiku,senang
851,saat kelinci pulang ke sarangnya ia kaget melihat jejak panjang mengarah ke sarangnya,terkejut
330,mereka tunggang langgang melarikan diri dan tidak berani muncul kembali,takut
40,kepiting benar benar geram mendengar cerita ayam ia tak rela sahabatnya diperlakukan seperti itu,marah
364,ketika rubah itu merasa aman dia berjalan dengan wajah terlihat gembira,senang
436,aku akan menamainya narrowa apakah kau setuju istriku tanya towjatuwa sambil menoleh pada istrinya dengan tersenyum istrinya mengangguk setuju,senang
931,jafar sidik terperanjat saat melihat tujuh bidadari terbang di atas lengkungan pelangi,terkejut
768,sultan alam terpukul mendengar penderitaan rakyat dari kerajaan penyu beliau sangat sedih atas kejadian tersebut,sedih
804,ia menangis karena tidak menemukan makanan yang dapat dimakannya,sedih
705,si gadis bungsu hanya bisa menangis sedih,sedih
894,ia sangat terkejut di sebelahnya ada seorang ibu peri sambil tersenyum ramah,terkejut
899,betapa terkejutnya mbok sarni ketika sedang memetik salah satu mentimun di hadapannya terdapat bayi perempuan yang cantik,terkejut
720,mereka selalu membantah perkataan emaknya dan membuat mbok minah sedih dan menangis,sedih
610,benarkah oh paman akhirnya aku menemukan keluarga ibuku kata anteh dengan gembira,senang
259,ia bersembunyi di dalam lemari,takut
624,sang raja merasa gundah karena negeri tetangga sangat kuat,sedih
92,ini adalah kesempatan si nenek untuk melampiaskan kemarahannya maka keluarlah cacian dari mulut nenek,marah
62,asal kau tahu ibumu adalah jelmaan seekor ikan kata ayahnya dengan sangat marah,marah
628,kepada adiknya ia menceritakan bahwa kakak mereka telah tiada,sedih
176,mananamakrdi bernasib sangat tidak beruntung tubuhnya penuh kudis dan berbau tak sedap,jijik
619,dalam kegembiraannya purbasari tidak putus putusnya mengucapkan syukur kepada kahyangan yang telah mengasihinya,senang
793,sedih hatinya karena nyamuk yang amat disayanginya hilang,sedih
174,jadi wanita tua bau dekil ini adalah ibu kamu malin,jijik
294,dia menutup pintu tersebut kembali dengan cepat dan tergesa gesa duduk kembali di kursinya dengan perasaan gelisah,takut
579,dengan semangat yang menyala ia ingin segera menyampaikan berita gembira kepada ibunya bahwa ia telah membawa gadis cantik calon istrinya,senang
575,hai kura kura tidakkah kau lihat pisangmu telah masak di pohon tanya kera bersemangat,senang
100,ayah akim yang masih mendendam kepada ketujuh gadis itu merencanakan untuk membalas dendam,marah
896,mendengar perkataan peramal itu si janda sangat terkejut,terkejut
906,ia sangat terkejut mengetahui kedua anaknya tidak ada dirumah,terkejut
936,tak terkirakan terkejutnya si lelaki tua ketika mendapati tulap si raksasa telah berada di dekatnya,terkejut
634,pendekar katung mengalami kekalahan ayamnya mati,sedih
116,suatu hari pangeran aji lesmana marah pada ayah bundanya ayah dan ibu jahat mengapa menyusahkan orang miskin,marah
281,tindakan mereka dan pasukkannya yang bertindak semena mena membuat rakyat sangat ketakutan,takut
789,dia pun menangis sepanjang jalan menumpahkan kekesalan dan kejengkelannya,sedih
252,sang kucing mendekati sang kelalawar kini bukan seekor tikus yang berada di mulut sang kucing tetapi seekor burung dengan bulu bulunya yang keluar melihat hal itu sang kelalawar sangat takut,takut
57,aduhh anjing nakal kau makan semua singkong rebusku teriak si lebai kesal,marah
83,sang raja sangat murka karena tindakan mereka terutama karena mendengar suara mencicit dari papuq mame dan papuq ki ne,marah
265,mereka hendak meninggalkan wilayah yang sangat mengerikan itu,takut
203,darah pun tak henti hentinya mengalir dari iidahnya,jijik
437,putri serindu tersenyum ia amat bahagia sudah menemukan calon suaminya yang tepat putri serindu mengumumkan siapakah yang menjadi pemenang sayembara itu,senang
862,raja sangat terkejut dan menahan pelukan putrinya tersebut,terkejut
657,akhirnya juan dan raul saling peluk dan saling meminta maaf,sedih
722,mbok minah mendatangi batu batangkup dengan perasaan sangat sedih,sedih
738,saya telah kehilangan semua yang saya miliki uang ladang kuda anak anakku,sedih
305,tolong tolong aku tersangkut ucap si gabus dengan rasa takut,takut
60,dasar permaisuri pembawa bala kau malah memberiku seekor lokan itu bukan anakku pergi kau dari istana teriak raja penuh murka,marah
20,lama lama ibu katak kesal dan marah,marah
672,dengan perasaan sangat sedih ia pun melanjutkan perjalanan,sedih
26,arena mereka sudah mendengar raja gajah sangat besar memiliki taring dan belalai yang sangat besar mendengar cerita tersebut rakyat sangat ketakutan,marah
381,suatu hari di sebuah kerajaan hiduplah seorang raja yang sangat senang dengan memakai baju baru,senang
462,dengan semangat ia melipat kedua tangannya di dada dan menutup kedua matanya,senang
499,dia sangat cantik dan diberi nama suzume kakek sangat menyayanginya,senang
359,semakin hari mbok sirni semakin menyayangi timun mas,senang
425,dan si penyumpit berhasil memimpin desa itu dengan arif dan bijaksana sehingga masyarakat hidup dalam kedamaian dan kebahagiaan,senang
635,suri meninggal dunia hancur hati bujang kelana menyaksikan kekasih hatinya pergi selama lamanya,sedih
718,empat anaknya hanya bisa menatap kepulangan ibu mereka itu dengan tangis sedih,sedih
156,ia pun menjadi marah dan berpikir mencari jalan untuk mencelakakan purbasari,marah
253,mimpi yang aneh itu membuatnya sangat gelisah,takut
318,dia tidak bisa kembali ke bumi karena takut pangeran anantakusuma akan mengejarnya,takut
167,ternyata bau itu adalah tumpukan daging hasil perburuan beberapa serigala,jijik
50,apa yang kau lakukan setiap hari hanya menari kini setelah kau sadar akan kebutuhan hidupmu kau memintanya kepada kami enak sekali hidupmu itu kata sang semut sambil memasang wajah marah,marah
974,karena terkejut dan heran mengalami keadaan yang aneh itu dia meninggalkan dapur dan masuk kekamar,terkejut
114,bulan diam ia sangat kesal,marah
770,puteri kuning sangat sedih melihatnya karena taman adalah tempat kesayangan ayahnya,sedih
756,tuhan lebih baik kau hukumlah aku hilangkanlah aku dari dunia ini aku tidak sanggup bertemu kedua orang tuaku lagi ratap putri,sedih
876,jika asapnya mengarah ke singapura tiba tiba terdapat tumpukan emas dan berlian,terkejut
939,tapi ketika ia mau keluar para penyamun sudah berada di luar mereka sama sama terkejut,terkejut
379,di kolam hanya ada lumpur kita tidak bisa berenang di dalam lumpur kata frank lagi,senang
17,akibat fitnah itu prabu kertamarta murka kepada candra kirana hingga mengusir anak bungsunya itu,marah
613,awang sukma terpana oleh irama sulingnya,senang
758,ular besar itu menoleh dan menjulurkan lidahnya dari kedua matanya mengalir air mata,sedih
220,timun mas masih ragu sungguh ia sangat ketakutan,takut
39,raja pun sedikit marah dan akhirnya ia memutuskan untuk tidur dan menahan rasa laparnya,marah
600,mereka menyambutnya terima kasih tuhan kau telah menyelamatkan anakku kata mereka gembira,senang
979,ia amat kaget karena bukan ular dandaung yang berbaring di sisinya melainkan seorang permuda tampan,terkejut
153,kontan bang bodong marah marah,marah
159,kemudian suaminya ikut campur dan umar pun tampak marah kepadanya,marah
652,putri penggiling gandum langsung menangis terseguk seguk di dalam gudang yang berisi tumpukkan jerami,sedih
568,penduduk kota bersorak gembira raja tak kurang pula gembira hatinya,senang
272,jack ketakutan dan memutuskan untuk bekerja,takut
207,orang orang musyrik memilih waktu yang tepat untuk menyembelih binatang di mekah lalu mereka membawa usus usus atau jeroan dari unta dan mereka melemparkannya dan meletakkannya di atas punggung nabi saat beliau sujud,jijik
938,istri alibaba sangat terkejut melihat barang yang dibawa alibaba,terkejut
3,ibunya sangat marah dasar bodoh baju kesayanganku itu harganya sangat mahal,marah
461,serigala sangat senang mendapatkan mangsa yang lezat,senang
549,raja dan ratu sangat menyayanginya seperti anak kandung sendiri,senang
228,lama lama semua binatang berkumpul di depan sarang kelinci mereka semua ketakutan,takut
811,beliau merasakan kesedihan yang dalam beliau sering menyendiri dan membuka matanya di hamparan pasir pasir,sedih
99,akhirnya orang tua akim mengetahui kehadiran akim di pesta itu mereka marah dan menyuruh akim untuk segera pulang,marah
573,tetapi mereka tetap bahagia dengan apa yang di berikan oleh tuhan yang maha esa,senang
928,namun ia sangat terkejut melihat seekor ular raksasa berada di hadapannya,terkejut
736,kemudian putri raja tersebut mulai menangis membayangkan kodok yang dingin tersebut tidur di tempat tidurnya yang bersih,sedih
960,ketika akan melangkah pergi ikot rinding terkejut ia melihat sebuah sumpit tergeletak di tanah,terkejut
346,suatu masa pamuncak rencong talang sangat gembira karena hasil panen rakyatnya melimpah,senang
390,akhirnya perang berakhir dan semua binatang berdamai,senang
264,karena kebingungan dan rasa takutnya yang kian menjadi jadi si perampok berusaha melepaskan patung landak ajaib itu dari tangannya,takut
585,betapa senangnya hati emak si lancang saat mendengar kabar anaknya datang,senang
72,keluarga istri raja sangat geram mendapati tindakan warga kampung,marah
398,monyet tertawa geli melihat kebodohan buaya jadi benar ada kamu di situ buaya,senang
727,ia menangis menyesali segalanya tapi sudah terlambat,sedih
775,dengan hati sedih wanita tua itu pulang ke gubuknya di sepanjang jalan dia menangis,sedih
183,tetapi aku juga tidak dapat pergi dengan pakaian kotor dan bau seperti ini,jijik
814,rasulullah saw sangat sedih ketika kehilangan dua orang yang sangat berpengaruh dalam kehidupannya itu bahkan para sejarawan menamakan tahun tersebut dengan tahun kesedihan,sedih
464,kuda akhirnya kembali ke rumah petani la hidup bahagia selamanya,senang
332,kemudian ketika abrahahh melewati kota taif menghadaplah kepadanya beberapa orang tokoh setempat dan mereka tampak gemetar ketakutan,takut
403,ketiga babi tersebut sangat senang karena terbebas dari serigala yang menakutkan tersebut,senang
902,dia sangat terkejut melihat istana dan istri yang sangat dicintainya raib entah kemana,terkejut
856,raja sangat terkejut melihat bulu landak tersebut raja mengira bulu tersebut adalah benar benar bulu dari raja badak,terkejut
783,rakyat kecil itu makin sedih ketika mendengar bahwa jampang telah mendapat hukuman mati di betawi,sedih
122,sejak saat itu obi kerbau marah sekali bila melihat kain merah,marah
895,mereka sangat terkejut dan sangat kagum dengan kecantikan cinderella,terkejut
27,dewa indra pun marah kau harus melepaskan dulu rohmu dari badanmu sebelum pergi ke surga kata dewa indra,marah
786,dia kecewa karena ternyata bukan gadis impiannya yang akan dinikahinya,sedih
608,dan aku jatuh cinta padanya aku ingin dialah yang jadi istriku,senang
445,ibu pulang hore teriak o bia moloku menyambut sang ibu sang ibu tersenyum kelelahan melihat tingkah anak anaknya,senang
35,si merah kecil iri melihat babi yang mendapat makanan yang lezat lezat,marah
288,para penyamun yang kejam tidak memberi ampun kepada kasim ia segera dibunuh,takut
805,ia menangis karena kelaparan dan tidak mendapat air susu baik dari air susuku maupun air susu unta yang dibawa oleh suamiku sehingga kami tidak dapat memuaskan dahaganya,sedih
485,raja dan permaisuri sangat memanjakan rohib mereka membesarkan rohib dengan penuh kasih sayang,senang
832,kleting abang kleting wungu dan kleting biru benar benar terperangah,terkejut
662,suatu kali setelah tiga hari berburu dan persediaan makanannya menipis sergevan belum mendapatkan seekor rusa pun,sedih
594,orang orang kaya tuan tuan tanah serta pejabat pemerintah jajahan merasa gembira melihat jampang telab dipenjara,senang
193,dalam perjalanan itu si lelaki tua hampir menginjak seekor tikus jantan besar,jijik
748,raja dan permaisuri menangis sedih,sedih
860,sang mertua heran bagaimana ketiga menantunya bisa begitu cerdas,terkejut
132,rumah rumah kosong belanda marah dan melampiaskan kemarahan mereka dengan menghancurkan kampung itu,marah
64,suara terompet jack membangunkan cormoran la marah sekali dan keluar dari gua,marah
712,permaisuri tidak henti hentinya menangis melihat anaknya harus hidup seorang diri di luar sana,sedih
724,mbok minah merasa sangat sedih karena kejadian sebelumnya terulang kembali,sedih
640,karena ia menjadi yatim piatu dan yang membuat ia sangat sedih,sedih
46,nelayan marah melihat tigran melepas ikan kecil itu kau bodoh sekali kau kubayar untuk menangkap ikan bukan untuk melepaskan ikan kau kupecat bentak sang nelayan,marah
993,keesokan harinya purbasari sangat terkejut melihat jamban salaka itu,terkejut
169,setelah sampai dirumah bawang merah dan ibunya segera mengusir bawang putih dari rumah,jijik
912,tiba tiba muncul seekor ular yang sangat besar di tempat sang kakek semula berada,terkejut
89,namun batu batangkup sangat marah kalian anak anak yang tidak tahu di untung kalian hanya anak nakal yang bisanya cuma main dan main sekarang penyesalan kalian tidak aka nada gunanya kata batu batangkup dengan nada tinggi,marah
146,baginda menjadi murka mendengar penjelasan tabib istana ia segera memerintahkan patih untuk membuang permaisuri ke hutan dan membunuhnya,marah
81,karena sangat marah dan kecewa raja memerintahkan pengawalnya untuk memberikan hukuman mati kepada anaknya sendiri,marah
343,rasa ketakutan mulai menghantui para pemuka quraisy dan mereka menetapkan metode baru untuk menghadapi kaum muslim,takut
323,akan tetapi dia takut dikalahkan kera besar itu,takut
348,nenek sangat senang kepadanya,senang
734,putri raja tersebut mulai menangis dan terus menangis seolah olah tidak ada hyang bisa menghiburnya lagi,sedih
170,namun mereka langsung mengusir itik abu abu agar segera pergi dari depan rumah tersebut,jijik
347,ternyata benar baju itu milik ibunya ia sangat berterima kasih kepada nenek itu,senang
714,mendengar keempat raja tersebut membuat kekacauan dan membuat rakyat resah raja sultan hasan sangat sedih dan gelisah,sedih
713,papuq mame dan papuq ki ne merasa sedih hidup sebagai tikus,sedih
984,raden putra terperanjat mendengar kokok ayam cindelaras,terkejut
446,dengan penuh kasih disusuinya anak bungsunya itu sambil menyusui ia bersenandung,senang
355,cinderella sangat gembira saat melihat gaun ibunya itu,senang
523,maka pesta pernikahan akbar pun digelar selama hari malam,senang
339,sesungguhnya yang takut kepada allah di antara hamba hamba nya hanyalah orang orangyang berilmu ulama,takut
842,dia kaget ketika pintu kandang dibuka ternyata kambing besar itu melepaskan diri dari patok yang mengikatnya,terkejut
396,raja jatuh cinta pada gajah putih itu dan ingin membelinya,senang
121,obi kerbau mencari akal untuk membalas sakit hatinya pada ucil kancil,marah
952,raja sangat terkejut dengan permintaan tersebut karena kedua benda itu adalah pusaka kerajaan yang orang luar tidak mengetahuinya,terkejut
901,tiba tiba sekelilingnya menjadi biru dan asap membumbung bersamaan itu muncul sosok sebesar raksasa,terkejut
798,ia pun duduk dibawah pohon dan menangis karena putus asa,sedih
113,istriku sangat marah dia tidak ingin tinggal di rumah kami yang lama karena rumah itu sudah hampir roboh,marah
356,tak terperikan kegembiraan dewi candra kirana ketika bertemu kembali dengan suami tercintanya,senang
648,sang domba itu menyesali perbuatannya dan domba kecil itupun berjanji tidak akan mengulanginya,sedih
584,mendengar jawaban dari emaknya si lancang meloncat loncat kegirangan,senang
84,keduanya merasa iri dengan anjing anjing yang dimiliki sang raja,marah
68,namun kedua binatang terebut langsung bertengkar untuk memperebutkan rusa tersebut,marah
577,sebaliknya ia selalu riang dan dan tersenyum ramah kepada siapapun,senang
990,ketika tirta datang dia amat kaget bertemu dengan bek kemayoran,terkejut
514,gadis tersebut begitu senangnya dia mengambil kantong kantong uang tersebut dan segera pulang kerumahnya,senang
503,saat dia pulang ibunya yang melihat kedatangannya dengan gembira menyambutnya dan bertanya,senang
903,saat melihat dengan jelas para pengawal sangat terkejut karena tubuh putri pukes telah mengeras dan menjadi batu,terkejut
395,simpleton berterima kasih dan melakukan apa yang dikatakan manusia kerdil,senang
935,kedua anaknya pun merasa heran karena tidak bertemu dengan emaknya dari pagi,terkejut
797,ditambahkan bahwa guruminda tampak bermuram durja,sedih
531,sang raja sangat senang dengan hal ini dan memerintahkan agar sejumlah besar uang diberikan kepada nelayan tersebut,senang
138,sesudah itu abdib mencari jampang dia marah sekali,marah
412,tigran gembira bukan kepalang,senang
226,serigala pun ketakutan seperti kelinci,takut
102,karena geram putri pun menghancurkan tiang lampu di kamarnya,marah
519,dahulu kala ada seorang wanita tua yang sangat sangat gembira dan selalu penuh dengan sukacita walaupun hampir tidak memiliki apa apa dan dia sudah tua miskin dan tinggal sendirian,senang
922,yang mengherankan para perampok dan penjarah itu langsung menghilang setelah melakukan aksi jahat mereka,terkejut
80,sang ayah sangat marah mengetahui bahwa anaknya rohib tidak menyelesaikan belajarnya selama ini,marah
818,tiba tiba seketika datuk buta muncul lagi di hadapan mereka,terkejut
369,dia sangat berbahagia karena candra kirana menganggap dia seperti ibu kandungnya sendiri,senang
292,pasti pilt ketakutan ketika orang orang dewasa itu beramai ramai hendak menangkapnya,takut
279,kera hitam sangat takut tertangkap si raksasa dan menjadi santapan si raksasa,takut
186,ibunya berjalan di belakang membawa keranjang belanjaan berpakaian sangat dekil layaknya pembantu,jijik
441,sebagai balas budiku aku bersedia menikah denganmu kata putri itu tentu saja toba sangat senang,senang
254,timun mas ketakutan melihat kekuatan raksasa itu,takut
943,betapa terkejutnya mereka ternyata kotak itu penuh berisi uang emas perak dan perhiasan perhiasan yang sangat indah,terkejut
868,saat tigran memegang ikan itu di tangannya tiba tiba ikan itu bicara,terkejut
759,pandangannya begitu memilukan seolah olah hendak mengucapkan maaf dan selamat tinggal,sedih
229,ulat bulu ketakutan dan menjawab aku hanya seekor ulat bulu kok hehehe,takut
109,hatinya marah wajahnya merah padam,marah
827,begitu kencang dan dahsyatnya angin badai itu menghantam kapal besar lagi mewah milik malin kundang seketika itu hancur berantakan,terkejut
807,beliau hidup beberapa hari bersama ibunya di mana si ibu merasakan kesedihan yang dalam atas kepergian ayahnya,sedih
817,tiba tiba saja ribuan buah bakau berjatuhan menimpa pasukan pangeran empang kuala yang sedang beristirahat,terkejut
382,mendengar kabar tersebut raja tersenyum sangat lebar ia pun sangat senang mendengar baju yang terbuat dari emas asli pasti sangat indah pikirnya,senang
998,isterinya dikagetkan dengan kepucatan wajah beliau yang mulia dan kegemetaran tubuhnya,terkejut
498,raja ini memerintah sebuah kerajaan kecil yang damai,senang
290,putri termuda kemudian lari menjauh darinya dan bersembunyi di dalam hutan yang tidak jauh dari rumahnya agar tidak mendapat pukulan lagi,takut
729,ketika ia melihat ayahnya berdiri tepat di bawahnya ia berusaha berteriak sekuat tenaga tapi ayahnya tak dapat mendengar suaranya dan ia mulai menangis air matanya menetes dan jatuh ke kepala ayahnya,sedih
532,jawaban tersebut membuat sang raja sangat senang tidak terhingga dan memberikan lagi nelayan terseut sejumlah besar uang,senang
614,selain itu mirah juga tertarik pada ilmu silat,senang
617,berita itu diterima dengan gembira oleh kebanyakan isi istana,senang
161,ia hanya seorang pengemis tua renta yang mengaku aku sebagai anaknya karena mengetahui aku ini seorang yang kaya raya,jijik
344,sang putri sangat asyik dengan acara tersebut tak terasa hari sudah lewat tengah malam,senang
539,anak lelaki itu berwajah cerah dan tersenyum lebar,senang
497,manuella sangat puas melihat gaun barunya segera dikenakannya gaun itu lalu menari nari di depan kaca,senang
637,bawang putih dan ayahnya sangat sedih dengan kejadian ini,sedih
419,dia mencium aroma yang sangat enak dan lezat hingga semangat makannya kini meningkat,senang
415,dari jauh dia melihat sang angsa berenang dengan senangnya dan sang cayman menyerang nya sambil menyelam,senang
733,teman temanku bilang wajahku terlalu tampan dan tidak cocok menjadi monster ia lalu menangis tersedu sedu,sedih
704,kuda pergi dengan sedih,sedih
658,raja pun menahan rasa malunya ia pun segera kembali ke istana dengan perasaan sedih,sedih
173,ibu kandung cis bukan ia bukan ibuku ia hanya seorang pengemis tua renta yang mengaku aku sebagai anaknya karena mengetahui aku ini seorang yang kaya raya,jijik
846,si kakek lalu meraih tongkatnya dan memukul tepat di kepala burung gagak seketika itu burung gagak berubah menjadi asap dan menghilang,terkejut
274,si murid ketakutan si si siram bunga itu jawab si murid sekenanya,takut
208,negeri tanjung mendapat ancaman penyerangan dari negeri tetangga,takut
185,tapi ia tidak menemukan harta karun justru mendapat sampah yang berbau busuk,jijik
192,dalam perjalanan berikutnya mereka bertemu dengan seekor lipan besar,jijik
29,lebah jantan marah dan pergi tapi ia tidak berani melawan iebah pekerja dan hakim,marah
400,akhirnya ada binatang betina yang masuk perangkap kata setan sambil tertawa,senang
547,seluruh penduduk desa menyambut gembira,senang
66,dasar kau binatang kecil yang bodoh sepertinya aku sangat lapar dan aku lihat dagingmu sangat lezat kata raja babi dengan marah,marah
162,mereka sengaja meminta kleting kuning mengenakan pakaian yang jelek dan kumal hingga kleting kuning tampak seperti pembantu yang telah kehilangan kewarasan,jijik
105,putri bisu bangkit dari tempat duduknya dan dengan marah ia berteriak kalian semua bodoh orang sakti itulah yang paling berhak wanita itu berhutang nyawa padanya,marah
543,di halaman istana bunga bunga mulai bermekaran dan burung burung berkicau riang pangeran terkesima melihat hal itu,senang
21,la mengangkat kepalanya dan berteriak cowards pengecut,marah
948,orang tua akim yang tiba esok harinya terkejut mendapati rumah mereka masih terkunci dan anak mereka hilang entah kemana,terkejut
660,walaupun ia hidup bergelimang harta tapi ia sangat kecewa pada anaknya yang pemalas dan bodoh,sedih
659,raja badak pun sedih memikirkan nasib rakyatnya,sedih
780,melihat sahabat suaminya datang dia jadi sedih,sedih
7,dia sangat iri dengan permaisuri,marah
688,o bia moloku dan o bia mokara hanya dapat menangisi kepergian ibunya kedua anak itu menyesal telah membuat ibu mereka marah,sedih
669,akhirnya nenek elonen pulang dengan sedih la menyesal telah memasak dan memakan burung milik elonen,sedih
753,tidak aku tidak mau tak seorang pun menyukaiku apa gunanya aku ada di sana sahut bulan sedih,sedih
266,di desa penyak itu juga terdapat hutan yang terkenal angker,takut
744,ketika si pelit menyadari kehilangan hartanya dia menjadi sangat sedih dan putus asa,sedih
951,suatu hari dia tiba di pinggir laut saat dia sedang merenungi nasibnya dia dikejutkan oleh suara rebut dan tangisan seorang gadis,terkejut
650,rubah itu sadar bahwa itu hanyalah bayangannya rubah itu menysesal atas apa yang dilakukannya tadi,sedih
917,agak terkejut ia ketika mendapati seruas batang bambu itu adalah seruas batang bambu yang membuatnya tersandung di pantai tadi,terkejut
489,selama masa pemerintahannya rakyat hidup dengan damai dan aman,senang
596,mereka tinggal di sebuah desa di dekat hutan mereka hidup bahagia,senang
206,abrahah pun mendapatkan luka dan mereka keluar dari tempat itu dalam keadaan dagingnya terpisah satu persatu,jijik
520,ya ampun teriaknya dengan terkagum kagum penuh dengan emas betapa beruntungnya saya,senang
692,ratu menangis ia menyesali perkataan putrinya yang diucapkan secara sembrono,sedih
869,di perjalanan muncul sesosok monster yang menunggangi sapi,terkejut
409,sejak saat itu keadaan di hutan kembali damai seperti dulu,senang
563,seluruh penghuni hutan menyambutnya gembira,senang
766,aku akan kehilangan satu satunya teman yang kumiliki aku sedih sekali,sedih
243,tigran merenungi nasibnya la takut tidak bisa menjawab pertanyaan sang monster,takut
678,hu huuuu huuu tangis malin kundang sambil memegangi lengannya yang berdarah,sedih
787,putri endahwarni merasa cemburu kecewa dan sakit hati,sedih
349,nenek itu memberikan hadiah kepada bawang putih karena sudah membantunya bekerja membersihkan rumah,senang
815,meskipun demikian beliau merasakan kesedihan yang mendalam melihat sikap kaumnya,sedih
701,ia merasa sangat sedih karena mereka sudah di tangkap oleh serigala,sedih
501,sejak saat itu nenek tidak pernah lagi mengeluarkan kata kata kasar dan selalu berlaku baik pada orang lain dan mereka berdua hidup bahagia selamanya,senang
414,di sebuah lautan yang dingin dan penuh dengan ikan ikan hiduplah sekelompok paus orca mereka hidup dengan damai tanpa ancaman dari apapun,senang
383,meskipun bajunya tidak terlihat namun raja sangat senang dan percaya diri,senang
646,ia cemas dan sedih jika teringat janjinya pada raksasa itu,sedih
487,rohib sangat senang dan berterima kasih kepada tikus dan mengira bahwa tikuslah yang paling berjasa dalam mencari mentiko bertuah,senang
525,jhi ge phu sangat gembira dia pun menghampiri putri naga yang tidak bisa berpura pura lagi,senang
211,bawang putih sangat panik dan takut karena baju yang hanyut adalah baju kesayangan ibu tirinya,takut
636,ibu bawah putih meninggal dunia karena sakit,sedih
574,sang kera sudah berada di atas pohon sawo dengan wajah berseri,senang
569,sudah barang tentu semua orang menyambut dengan gembira berita besar itu,senang
9,anjing gunung itu memperhatikan tingkah laku domba kecil itu dengan sangat marah,marah
67,serigala sangat marah karena ia ditipu oleh ayam,marah
589,perasaannya gembira sekali karena belum pernah dia mendapat ikan sebesar itu,senang
23,juan menindih adiknya dan memukulinya,marah
43,istrinya marah sekali atas kebodohan suaminya,marah
12,rubah itu gusar karena mangsanya telah mematuk dirinya dan pergi,marah
431,caadara dengan senang hati memenuhi permintaan penduduk desa itu malam itu mereka berpesta namun tetap waspada,senang
248,pertarungan tak terelakkan senjata kedua belah pihak saling beradu suasana sungguh mencekam,takut
1,bujang kelana akan menantang pendekar katung untuk menyabung ayam,marah
124,namun kapal itu tetap tak bergerak raja menjadi kecewa dan marah,marah
310,syarat yang aneh itu membuat si limbat ketakutan,takut
904,sementara itu nyai jaya dan mangku amat saat kembali ke rumahnya mereka kaget saat melihat tempat tinggal mereka sudah dihancurkan orang,terkejut
227,badak ketakutan mendengar jawaban itu,takut
422,kedatangan dempu awang sampai ke telinga ibunya ibu dempu sangat gembira,senang
175,sambil memandang sinis ke bawah ia meludahi ibunya,jijik
118,raja dan ratu sedang naik pitam,marah
451,sementara kakinya ada sepasang sepatu kaca yang sangat cantik cinderella menari nari dengan sangat gembira,senang
737,oh celakalah anakku kata ayah akim dengan sedih,sedih
571,sultan alam gembira sekali mendengar berita dari elang raja,senang
230,ibu katak mendengar suara yang membuatnya ketakutan,takut
271,para perompak yang lain merasa takut,takut
246,seekor ular yang melintas di dekatnya membuat mah bongsu sangat ketakutan,takut
495,ayahnya tertawa sambil memeluk manuella dengan penuh kasih sayang,senang
372,ratu pun sangat bahagia ketika ia menggendong bayinya,senang
470,warga seketika bersuka cita mendapati air yang telah lama tidak mereka temukan waktu itu muncul berlimpah ruah dari mulut patung landak,senang
803,aminah menangis dua kali pertama ia menangis untuk dirinya sendiri dan kali ini ia menangis untuk anak yang ditinggal mati ayahnya sebelum ia sempat dilahirkan,sedih
241,mereka segera berpelukan karena ketakutan,takut
515,gadis itu kemudian pulang ke rumahnya dengan kantongan yang penuh dengan uang akhirnya menikah dengan orang yang sangat kaya dan hidup bahagia setelahnya,senang
666,la sedih sekali mengetahui burung kecil telah dimakan neneknya,sedih
540,saya tida meminta apapun jawabnya saya senang bisa berbuat sesuatu untuk negara,senang
399,gadis itu tertawa aku tahu hadiah apa saja yang kalian harus bawa,senang
656,mereka merasa bersalah karena telah berkelahi hanya karena sebuah kue,sedih
210,jika ayahnya pulang bawang putih tidak berani mengadukan perbuatan ibu dan saudara tirinya,takut
955,padishah menjadi terkejut tetapi karena tujuan padishah sendiri bukanlah istana itu melainkan untuk memisahkan anak nelayan dengan wanita yang diidam idamkannya,terkejut
213,kapal dagang yang ditumpanginya itu diserang kapal bajak laut,takut
644,cinderella lari ke kebun dan menangis,sedih
632,ratu cik sima tak kuasa menahan sesal dan kesedihan atas kehilangan putri putrinya,sedih
908,namun ia sangat terkejut dan terbengong bengong melihat sang ayam sudah tidak ada di hadapannya,terkejut
314,la tidak berani menolak karena takut akibatnya,takut
898,terjadilah sebuah peristiwa yang sangat mengagetkan joko kendil yang buruk rupa berubah menjadi seorang pangeran yang sangat tampan,terkejut
695,si kakak menyesal tidak menuruti pelaut kini ia hanya bisa menggigit jari melihat adiknya naik perahu dengan pelaut,sedih
670,mendengar yang di katakan hewan hewan yang lain membuat sang ibu merasa sedih,sedih
295,istana putri bisu jika dilihat dari dekat ternyata sangat mengerikan karena dindingnya dibangun dari tulang belulang manusia,takut
69,tapi suatu hari keempat lembu bertengkar karena perbedaan pendapat,marah
696,seharusnya aku tidak terpengaruh kata kata tetanggaku kata gembala menyesali diri,sedih
500,kakek senang sekali bisa menemukan suzume,senang
363,dia hidup bahagia bersama suami dan anaknya cindelaras,senang
698,gadis itu menangis memohon ampun kepada ibunya,sedih
163,bercerminlah dahulu dirimu hei kleting kuning jangan sampai ande ande lumut yang tampan itu menjadi muak ketika melihat wujudmu yang menyedihkan itu,jijik
971,mereka amat terkejut ketika menengok ke dalam ayunan yang berada di tengah tengah lorong,terkejut
342,utbah berdiri dalam keadaan takut dan segera menuju kaum quraisy,takut
18,amat besar murka prabu kertamarta ketika mengetahui cerita yang sebenarnya,marah
127,kalian ini sungguh keterlaluan mestinya ayah tak perlu membawakan apa apa untuk kalian bisanya hanya mengganggu saja kata puteri kuning dengan marah,marah
616,mereka telah menjadi pasangan suami istri yang berbahagia dan tinggal di kemayoran sampai tua,senang
463,hahaa selamat tinggal serigala yang bodoh kata sang ayam yang senang karena berhasil meloloskan diri dari cengkraman serigala,senang
850,putri penggiling gandum tersebut semakin terkejut melihat jerami benar benar berubah menjadi emas,terkejut
562,istana yang dipenuhi kelembutan hati dan kebahagiaan,senang
354,cinderella sangat bersemangat dengan undangan pesta itu,senang
36,buaya kesal penyamarannya diketahui ya aku akan memakanmu kata buaya,marah
909,singa dan beruang sangat terkejut melihat kedatangan serigala yang sangat tiba tiba,terkejut
285,lipan besar yang takut dimangsa tulap si raksasa terpaksa pula menurut,takut
73,mendengar penolakan putri aji bedarah putih itu membuat raja cina menjadi amat murka,marah
309,saya tidak melarang mang jampang jawab abdih yang ketakutan juga,takut
761,justru puteri rauna yang tersentak lalu menangis memohon kepada ayah bundanya,sedih
542,raja sangat bahagia ia mengadakan pesta dan mengundang kerajaan sahabat serta seluruh rakyatnya,senang
6,mereka iri dengan kecantikan wajah kleting kuning,marah
166,kleting kuning yang herpakaian kumal lagi bau badannya,jijik
554,aduhai alangkah cantiknya ia bahkan burung burung pun terpesona memandangnya,senang
874,melihat anaknya yang berbeda ibu itik terheran heran,terkejut
557,berbagai jenis burung dan serangga hidup dengan riangnya,senang
529,raja gembira melihat putri berubah ceria,senang
651,candra kirana meninggalkan istana dengan hati terluka,sedih
453,sesampainya ia di istana pangeran menyambutnya dengan gembira dan tersenyum cinderella dan pangeran akhirnya menikah dan hidup sangat bahagia selama lamanya,senang
687,tapi o bia mokara menolak tangisnya semakin keras terus merengek meminta telur ikan,sedih
457,suatu hari tinggallah sebuah keluarga kambing yang terdiri dari induk kambing dan ketiga anaknya mereka tinggal di sebuah desa yang jauh dari keramaian keluarga tersebut sangat bahagia,senang
725,keesokan harinya mereka mendatangi batu batangkup dan kembali menangis dan memohon agar emaknya di keluarkan kembali,sedih
376,ratu hanya tersenyum bahagia dan memeluk bayinya dengan sangat erat,senang
327,mereka takut akan purbararang yang terkenal kejam,takut
304,tapi perasaan takut masih menyelimuti mereka,takut
375,kalau begitu namamu rumpelstilskin jawab ratu tersenyum,senang
870,baiklah kini waktunya aku pulang kata anak muda itu la pun iangsung menghilang,terkejut
25,maka seluruh rakyatnya akan mati ketakutan,marah
671,melihat anjing yang berlari menjauhinya ia merasa semakin sedih karena anjing pun takut melihatnya,sedih
151,dengan kejengkelan luar biasa kera memasukkan anak pipit itu ke dalam mulutnya,marah
32,penyihir marah mendengar lelucon raja dan mengutuknya raja suatu saat kau akan punya anak yang berhidung besar,marah
583,mereka sangat bangga akan kemampuan larinya,senang
130,dengan nada marah ia berkata simpan bubu dekat pagar bubu dimakan anai anai maka anai anailah yang saya ambil,marah
195,akulah orang itu karena setelah menjahit mayat yang terpotong,jijik
428,ia merasa bangga saat teman teman caadara menceritakan kehebatan anaknya,senang
702,singa dan beruang sangat sedih,sedih
258,semua binatang yang ada di sana hanya terdiam mereka sangat takut tidak ada satu orang pun yang berani menjawab,takut
467,raja amat senang mendengar rencana ibunya,senang
561,pangeran dan puteri rauna sangat bahagia,senang
374,ratu pun sangat senang mengetahui nama si kurcaci,senang
216,ia didatangi raksasa yang amat besar dan berwajah menyeramkan,takut
742,jhi ge phu dengan sedih melihat istri yang dicintainya dibawa pergi,sedih
642,di perkampungan aia manih ibu malin kundang terus menunggu kedatangan anaknya,sedih
34,sejak saat itu burung gagak dan burung hantu selalu bermusuhan,marah
751,tetapi kemudian ia kecewa sepanjang hari ia di sana tak seorang pun menyapanya,sedih
120,huh hewan kecil itu membuatku terhina sungut obi kerbau tunggu saja balasanku geramnya,marah
479,i manyambungi yang selalu tersenyum sambil menatap puang mosso dengan mata berkaca kaca,senang
710,suami istri itu akhirnya hanya bisa berlutut dan sangat menyesal karena tidak memenuhi permintaan makan anak mereka sebelumnya,sedih
732,suzume hanya bisa menangis menahan sakit dan terbang jauh ke arah hutan,sedih
735,saya menangis karena bola emas saya tergelincir dan jatuh kedalam sumur,sedih
202,seekor babi hutan betina bernama wayungyang yang tengah bertapa ingin menjadi manusia meminum air seni tadi,jijik
679,bunda menangis tersedu sedu sambil bersimpuh di bawah kapal malin anakku jangan kau tinggalkan bundamu lagi nak bunda sangat merindukanmu,sedih
5,ketika saudara tiri cinderella melihat pita dan manik manik lama mereka pada gaun cinderella mereka menjadi marah,marah
237,androcles takut sekali mendengar suara binatang buas itu,takut
251,penduduk yang menyelenggarakan pesta rakyat berlari dengan panik sambil menjerit ketakutan,takut
910,meski sangat terperanjat raja menuruti perintah tersebut,terkejut
511,ia tersenyum sambil mengulurkan sebuah kantung plastik,senang
373,aku sangat senang dan gembira,senang
303,datuk bendahara takut setengah mati dia minta disembunyikan,takut
111,saya tidak akan membeli sesuatu dengan emas itu saya bahkan tidak pernah berpikir untuk berbelanja sesuatu dengan emas itu teriaknya lagi dengan marah,marah
110,ia berusaha melupakan ulah si hitam yang tak mau ia suapi namun hatinya tetap marah,marah
848,tiba tiba muncullah seorang kurcaci di hadapannya,terkejut
238,saat ia hendak bangun singa itu telah berada di depannya androcles menutup wajahnya ketakutan,takut
958,para undangan terkejut mendengar kutukan sang penyihir jahat itu,terkejut
384,dengan rasa bangga raja terus melambaikan tangan,senang
972,betapa terkejutnya si rusa ia tidak jadi beristirahat melainkan lari tunggang langgang,terkejut
38,raja pun sangat kesal karena tidak dapat berbuat apa apa,marah
336,aku merasakan ketakutan yang luar biasa,takut
128,mendengarnya puteri hijau menjadi marah ia segera mencari saudara saudaranya dan menghasut mereka,marah
597,suami istri itu sangat bahagia mereka memberi nama bayi itu timun mas,senang
840,raden putra sangat terkejut mendengar kokok ayam cindelaras yang aneh,terkejut
63,kenapa kau membawa makanan sisa untuk ayahmu yang seharian ini bekerja tanya toba marah,marah
926,para utusan dari mandar itu pun terkejut dan segera memberi hormat,terkejut
745,lalu anak nelayan itu pulang ke rumah dengan hati sedih dan menangis,sedih
778,mendengar cerita anaknya itu si ibu sedih sekali terutama karena suaminya sudah melanggar sumpahnya dengan kata kata cercaan yang dia ucapkan kepada anaknya itu,sedih
681,karena cemas melihat kondisi istrinya yang kesakitan itu towjatuwa menggendong istrinya ke rumah tetangga yang biasa membantu orang melahirkan,sedih
605,anteh senang menyaksikan bunga bunga yang bermekaran dan kupu kupu saling berebut bunga,senang
196,dari setiap kata yang kamu ucapkan dari mulutmu akan keluar seekor ular atau seekor katak,jijik
427,panglima wire menepuk pundak caadara ayah benar benar bangga padamu kelak kau akan jadi panglima perang yang hebat,senang
429,bahkan penduduk desa mengadakan pesta untuk merayakan kemenangan caadara,senang
423,jika begitu ayo kita sebarkan berita baik ini pada penduduk desa kata pak raje dengan bersemangat,senang
927,si raksasa amat terperanjat dan berusaha melarikan diri,terkejut
75,setelah berulang ulang meminta makan namun tidak juga dipenuhi dimun dan meterei menjadi marah,marah
544,ketika melihat sang putri dalam keadaan sehat raja dan permaisuri sangat bahagia,senang
764,kadang kadang gadis menangis sedih di bawah pohon itu ia merasa sendirian di dunia ini,sedih
93,tapi nenek yang serakah malah memarahi kakek karena tidak memilih kotak yang besar,marah
371,suatu hari kabar yang sangat menyenangkan terdengar oleh sang raja istrinya kini sedang mengandung dan kemudian melahirkan,senang
407,mereka hidup berdampingan dengan rukun dan damai,senang
182,pengeran tidak akan melihatmu meskipun kau datang kesana,jijik
930,raja hasan sangat terkejut mendengar jawaban dari raja bayang,terkejut
821,tanpa sadar salah satu baju ibunya hanyut terbawa arus sungai,terkejut
404,kini semua benda yang ia sentuh akan berubah menjadi emas raja sangat senang,senang
831,tak terkirakan keterkejutan orang orang ketika melihat sosoknya yang sangat cantik,terkejut
822,ia langsung terkejut karena di dalamnya berisi intan permata dan berlian sangat banyak,terkejut
934,jafar sidik terperanjat ketika pulang dari iadang dan mendapati empat anak lelakinya menangis,terkejut
215,yuyu kangkang menjerit jerit meminta tolong,takut
171,la tidak mau mengakui ayah dan ibunya yang renta dan miskin,jijik
61,la pun marah kepada anak laki iakinya dasar anak ikan ucapnya tanpa disadari,marah
997,pada suatu hari beliau duduk di gua hira dan tiba tiba beliau dikagetkan dengan kedatangan jibril yang berdiri di depan pintu gua,terkejut
48,mendengar kejadian tersebut para orca sangat marah segera mereka pergi mendatangi kediaman para hiu putih untuk memberi peringatan agar tidak lagi berburu di wilayah para orca,marah
53,wanita wanita itu marah mereka berubah menjadi babi hutan dan menyerang pak raje,marah
468,karena kebaikan hati keduanya orang orang pun menyenangi suami istri itu,senang
56,melihat tingkah laku si naga yang selalu menghambur hamburkan harta kerajaan maka si buaya pun marah,marah
378,ayo kita pergi ke kolam dan bersenang senang kata george,senang
535,keesokan harinya dia bangun seperti biasa dengan gembira dia menengok ikannya yang ada di sumur kecil dan pergi untuk bekerja lagi,senang
599,ayah dan ibu timun mas senang sekali melihat timun mas selamat,senang
941,alibaba dan istrinya sangat terkejut sebelum alibaba bertanya,terkejut
527,aja semakin terpesona melihat bahwa jhi ge phu memiliki istri yang sangat cantik,senang
473,masyarakat kelekak remban bersuka cita setelah mengetahui telah tewasnya garude di tangan putri pinang gading,senang
478,la pun kembali menjalankan tugasnya sebagai raja dengan perasaan tenang dan bahagia karena tidak ada lagi yang akan menggantikannya,senang
791,anak pipit sedih berada dalam kegelapan karena kera selalu mengatupkan mulutnya,sedih
580,si bungkuk merasa bahagia bersahabat dengan si buta,senang
680,baginda raja menyesali perbuatannya dulu,sedih
450,siapapun di antara kalian yang akan menikah dengan pangeran itu akan membuat ibu sangat bahagia keluarga kita akan menjadi terpandang ujar ibu tirinya menengahi kedua anaknya,senang
141,sangkuriang menjadi gusar dipuncak kemarahannya bendungan yang berada di sanghyang tikoro dijebolnya,marah
536,semua yang melihat wanita itu menjadi kagum dan terpana oleh kecantikannya,senang
834,munculah makhluk raksasa penjaga sungai yang berwujud kepiting raksasa bernama yuyu kangkang,terkejut
155,purbararang kemudian menjadi marah bunuh ayo bunuh lutung itu teriaknya,marah
152,kera marah bukan main akal sehatnya hilang,marah
389,esoknya ia melaksanakan nasihat nenek tua saat berburu la pun mendapat hasil buruan yang banyak,senang
813,ketika beliau menyaksikan orang orang tersesat maka kesedihannya semakin bertambah dan hatinya semakin tersentuh dan pikirannya semakin dalam,sedih
880,kapal besar itu terombang ambing dan terbalik seluruh penumpang tewas seketika termasuk sang anak,terkejut
247,babi hutan itu berteriak teriak seolah memberi peringatan pada teman temannya mereka semua iari menyelamatkan diri,takut
750,betapa sedih hati ikot rinding mendengar cerita itu,sedih
125,tetapi saya tidak mungkin hidup di daerah tanpa kodok seperti ini jawab sang bangau agak jengkel,marah
567,gadis selalu terpesona mendengarnya,senang
887,alangkah terkejutnya ia ketika melihat seekor buaya yang sangat besar sedang memandangi dirinya,terkejut
368,rakyat kerjaaan daha dan kahuripan bersuka cita menyambut pernikahan agung itu,senang
214,malin kundang bersembunyi di ruang kecil yang tertutup tumpukan kayu,takut
845,beberapa saat mengintip si nenek di kejutkan dengan pemandangan mengherankan yang terjadi didalam gubugnya,terkejut
795,asni dan mirah amat sedih,sedih
509,monster monster kecil berkejar kejaran monster monster yang lebih besar bercanda dengan riangnya,senang
512,putri raja menjadi sangat senang melihat mainannya kembali dan dia mengambilnya dengan cepat dan lari menjauh,senang
694,aladin menjadi sedih dan duduk termenung aku lapar dan aku ingin bertemu dengan ibu ucap aladin,sedih
572,mereka akan terus berusaha dan bersemangat,senang
673,aku sedih karena aku jelek dan tidak bisa seperti kalian jawab itik abu sedih,sedih
357,timun mas tumbuh menjadi gadis yang baik budi dan cantik jelita mbok sirni amat menyayanginya sepenuh hati,senang
24,tapi dia merebut kueku kata juan membantah,marah
626,mereka berpelukan sambil menangis,sedih
873,namun ibu itik sangat terkejut dari beberapa anaknya ada yang berbeda,terkejut
505,putri termuda kemudian menceritakan semua kisahnya dan anak raja tersebut menjadi bertambah kagum akan kebaikan hati dan kesopanan tutur kata putri termuda,senang
919,sangat mengherankan batang bambu itu bisa di darat setelah dilemparkannya ke laut tadi,terkejut
250,tanpa pikir panjang towjatuwa segera mengambil langkah seribu,takut
550,raja sangat takjub mendengarkan cerita ketangkasan ikot rinding ia sangat bahagia karena putra kesayangannya selamat,senang
982,a apa kesalahanku kak kenapa kakak tiba tiba marah begitu tanya anteh kaget,terkejut
456,penonton bersorak riang dan tepuk tangan dari semua penonton,senang
284,tikus jantan yang ketakutan terpaksa menuruti ajakan tulap si raksasa,takut
844,namun alangkah terkejutnya si nenek ketika sampai di rumah dia melihat bebagai hidangan tersaji di meja makannya,terkejut
486,sang raja sangat senang melihat anaknya dapat bertanggung jawab dan menghilangkan sikap manjanya,senang
630,adik bungsu kembali menangis tersedu sedu,sedih
603,rakyatnya pun hidup damai di bawah pimpinan raja yang bijaksana,senang
77,begitu terus berulang ulang hingga dimun dan meterei menjadi sangat jengkel serta marah,marah
601,sejak saat itu timun mas dapat hidup tenang bersama orang tuanya mereka dapat hidup bahagia tanpa ketakutan lagi,senang
260,serigala pun sangat terkejut ia pun melonjat dan langsung berlari ketakutan,takut
548,karena gembira salampandai mengundang ikot rinding bermalam di rumahnya,senang
980,raja dan permaisuri terkejut melihat kejadian itu,terkejut
700,pada siang hari ketiga anaknya menunggu sang induk kembali kerumah namun yang di tunggu pun tidak datang,sedih
150,bukan main marahnya kera menyaksikan itik mengeruhkan air di tepian itu lagi,marah
622,ibunya sangat terluka mendengar ucapan putrinya,sedih
838,namun ayam jago cindelaras benar benar luar biasa semua bisa dikalahkan dalam beberapa gebrakan pertarungan saja,terkejut
30,bangsa singa dan bangsa burung hendak mengeroyok bangsa kelelawar,marah
494,ayahnya sangat menyayanginya segala keinginan manuella selalu dipenuhi,senang
763,namum bibinya sangat kasar kepadanya gadis amat sedih,sedih
201,hai perempuan jelek jangan naik ke kapal ini pergi dari sini usir seorang anak buah kapal si lancang,jijik
319,hampir setiap hari terjadi perampasan dan perampokan rakyat kecil ketakutan,takut
754,putri menangis meratapi nasibnya yang malang,sedih
978,tiba tiba dia membuat kaget dua pengikutnya itu dengan memegang kerah baju mereka,terkejut
900,bapak tua dan istrinya kaget mendengar suara itu,terkejut
760,datu awang sukma menap sedih dan bersumpah untuk melarang anak keturunannya memelihara ayam hitam yang dia anggap membawa malapetaka,sedih
316,anteh mundur dengan ketakutan,takut
661,suatu hari sepulang dari mencari makanan burung unta mendapati dua anaknya hilang entah ke mana la menangis mencari cari anaknya,sedih
198,monster berkepala babi yang berbulu hijau,jijik
101,tapi putri dengan marah berkata bahwa ia telah ditipu dan ia hanya mau mengaku kalah jika shahzada bisa membuatnya berbicara sebanyak tiga kali,marah
242,dengan sekuat tenaga ayam mencoba melepaskan diri kemudian ia lari sekencang kencangnya keluar dari hutan,takut
484,mendengar kabar tersebut raja dan permaisuri sangat bahagia,senang
889,petani itu sangat kaget tetapi ia berjanji tidak membunuh ikan itu dalam sekejap ikan itu berubah menjadi seorang putri yang cantik,terkejut
179,aku sudah bosan memakan tikus tubuh mereka bau sehingga membuatku menjadi mual,jijik
37,sang bapak lama lama kesal oleh sikap menantu menantunya itu,marah
421,mereka kemudian menikah dan hidup berbahagia,senang
42,tikus yang sedang makan kini kehilangan selara makannya segera dia mencakar kembali dan menggigit tikus pemarah itu mereka bergerumul berkelahi dengan sengitnya,marah
496,mereka membawa kain kain yang terindah manuella sangat gembira,senang
968,setibanya di rumah ia terkejut dan menjerit karena melihat suaminya telah berubah menjadi seekor naga,terkejut
267,tidak pernah ada penduduk desa penyak yang berani memasuki hutan,takut
841,dia terkejut melihat seekor domba kecil tertinggal dari kawanannya,terkejut
801,kabar kematiannya tiba tiba tersebar dan sangat memilukan hati orang orang yang mendengarnya sehingga kabar itu sampai ke istrinya,sedih
115,perasaan kesal dan jengkel tertuju pada suaminya,marah
136,jangan bicara sembarangan jampang mayangsari mulai marah,marah
312,raksasa lagi lagi hampir menangkapnya timun mas sangat ketakutan,takut
434,towjatuwa bahagia sekali ia memeluk istrinya dan menggendong bayinya dengan mesra tak lupa ia berterima kasih pada watuwe,senang
953,sang raja terkejut mendengar ratu berkata demikian dan bertanya bagaimana bisa,terkejut
588,sambil tersenyum gembira mata pancingnya dia lepas dari mulut ikan itu,senang
256,tidak aku takut turun kesana jawab aladin,takut
711,si murid pun meminta maaf atas kebodohannya,sedih
852,kelinci kaget mendengar jawaban itu,terkejut
685,si nenek sangat sedih air matanya berlinang dalam kesedihannya ia berdoa kepada tuhan,sedih
289,wush dari dalam kotak itu keluar ribuan makhluk yang menyeramkan dan mengejar nenek yang langsung lari terbirit birit,takut
297,dengan ketakutan mereka segera menyerahkan sebuah cermin,takut
491,mendengar permintaan tersebut pangeran suta sangat senang,senang
406,raja sangat bahagia dan segera memeluk putrinya dengan sangat erat,senang
537,saat padishah melihat wanita yang sangat cantik jelita itu dia langsung jatuh cinta dan bertujuan untuk menikahinya,senang
604,raja dan ratu sangat menyayangi keduanya meski sebenarnya kedua gadis itu memiliki status sosial yang berbeda,senang
833,kegemparan pun kian menjadi jadi saat ande ande lumut juga membuka jati dirinya,terkejut
654,apakah namamu balthazar jawab ratu sedih,sedih
410,wah sepertinya menarik ayo kita segera berangkat sahut kera bersemangat,senang
546,pemuda itu kagum akan kejujuran kedua anak tersebut,senang
88,selama itu suaminya telah berbohong padanya kekecewaan yang dirasakannya berubah menjadi kemarahan,marah
730,sang ayah telah putus asa dan ia berhari hari hanya duduk di depan jendela,sedih
65,la bersumpah akan membalas kematian cormoran suatu hari aku akan membalaskan kematian cormoran begitu sumpah blunderbore,marah
872,sampailah mereka di sebuah rumah yang cukup besar dan mewah ketika mereka masuk sang kucing desa kaget dengan makanan di atas meja,terkejut
480,seluruh warga menyambut kemenangan itu dengan sangat gembira,senang
684,nenek itu kembali ke tempat tidur la sangat sedih karena anak dan menantunya tidak ingat kepadanya,sedih
255,baiklah aku bersedia sahut mbok sarni menjawab walau hatinya takut melihat sosok raksasa yang besar dan seram,takut
823,namun ternyata yang keluar dari labu tersebut bukanlahh intan permata seperti yang meraka bayangkan melainkan ratusan dan puluhan kelabang kalajengking dan ular berbisa,terkejut
825,sangat mengejutkan sekaligus membanggakannya anak tercintanya pulang menaiki kapal milinya sendiri,terkejut
892,raden budog terbangun dan terkejut karena di hadapan berdiri seorang gadis yang sangat cantik,terkejut
78,syandan tak terkirakan kemarahan kerbau putih ketika mendapati putri kesupuk melarikan diri,marah
143,gema tidak puas melanda batuampar entong gendut dan kawan kawannya marah sekali,marah
328,dengan ketakutan yang luar biasa aki panyumpit tergesa gesa masuk hutan belantara,takut
854,rakyat sangat terkejut melihat penampilan raja meskipun mereka terkejut namun tidak ada dari mereka untuk berkata apa apa,terkejut
988,betapa kaget hatinya setelah melihat isi bumbung itu,terkejut
189,namun sangat menjijikkan dalam pandangan putri aji bedarah putih,jijik
967,kusmantoro dan kusmantari terkejut namun keterkejutan mereka disimpan rapat rapat mereka tak ingin penyamaran mereka terbuka,terkejut
353,tak terkirakan gembira dan bahagia hatinya ketika ia melihat sebuah kapal yang besar serta mewah tengah bersandar dipelabuhan,senang
989,ia amat terkejut melihat nyamuknya sedang dipatuk dan ditelan seekor ayam jantan,terkejut
55,mananamakrdi sangat geram dengan cepat ia keluar dari persembunyiannya dan menangkap makhluk itu,marah
875,itik abu abu sangat terkejut melihat sosok angsa putih di dalam air,terkejut
460,sang induk sangat senang melihat kedua anaknya,senang
545,semua menyambut gembira ajakan si pemuda,senang
923,ketika paga tengah sibuk menyiapkan lahan garapannya di hutan angker warga desa dikejutkan dengan adanya berita menghebohkan,terkejut
